Run,TP,Code,StaticRingPressure_PSI,PitotProbePressure_PSI,Temperature_K,Pressure_PSI,RelativeHumidity_Percent,Alpha_Deg,DateTime
782,2,0,1.00000033853576e-05,0.00012000001152046,294.373865085178,14.7166900634766,42.5301399230957,-0.0546524047851449,13-Dec-2024 14:42:25
782,2,0,1.00000033853576e-05,0.00012000001152046,294.389128112793,14.7166900634766,42.5301399230957,-0.0546524047851449,13-Dec-2024 14:42:25
782,2,0,1.00000033853576e-05,0.00012000001152046,294.389128112793,14.7166900634766,42.5225067138672,-0.0546524047851449,13-Dec-2024 14:42:25
782,2,0,1.00000033853576e-05,0.00012000001152046,294.381498718262,14.7166900634766,42.5225067138672,-0.0546524047851449,13-Dec-2024 14:42:26
782,2,0,1.00000033853576e-05,0.000129999971250072,294.389128112793,14.7166404724121,42.5225067138672,-0.0546524047851449,13-Dec-2024 14:42:26
782,2,0,1.00000033853576e-05,0.000129999971250072,294.389128112793,14.7166404724121,42.5301399230957,-0.0546524047851449,13-Dec-2024 14:42:26
782,2,0,1.00000033853576e-05,0.000129999971250072,294.389128112793,14.7166404724121,42.5301399230957,-0.0546524047851449,13-Dec-2024 14:42:26
782,2,0,1.00000033853576e-05,0.000129999971250072,294.389128112793,14.7166404724121,42.5301399230957,-0.0546524047851449,13-Dec-2024 14:42:26
782,2,0,1.00000033853576e-05,0.000129999971250072,294.389128112793,14.7167100906372,42.5301399230957,-0.0546524047851449,13-Dec-2024 14:42:26
782,2,0,1.00000033853576e-05,0.000129999971250072,294.389128112793,14.7167100906372,42.5225067138672,-0.0546524047851449,13-Dec-2024 14:42:26
782,2,0,1.00000033853576e-05,0.000129999971250072,294.381498718262,14.7167100906372,42.5301399230957,-0.0546524047851449,13-Dec-2024 14:42:27
782,2,0,1.00000033853576e-05,0.000129999971250072,294.381498718262,14.7166595458984,42.5301399230957,-0.0546524047851449,13-Dec-2024 14:42:27
782,2,0,1.00000033853576e-05,0.000129999971250072,294.389128112793,14.7166595458984,42.5225067138672,-0.0546524047851449,13-Dec-2024 14:42:27
782,2,0,1.00000033853576e-05,0.000129999971250072,294.389128112793,14.7166595458984,42.5301399230957,-0.0546524047851449,13-Dec-2024 14:42:27
782,2,0,1.00000033853576e-05,0.000129999971250072,294.396757507324,14.7166595458984,42.5301399230957,-0.0546524047851449,13-Dec-2024 14:42:27
782,2,0,1.00000033853576e-05,0.000129999971250072,294.381498718262,14.7166595458984,42.5225067138672,-0.0546524047851449,13-Dec-2024 14:42:27
782,2,0,1.00000033853576e-05,0.000129999971250072,294.381498718262,14.7166795730591,42.5225067138672,-0.0546524047851449,13-Dec-2024 14:42:28
782,2,0,1.00000033853576e-05,0.000129999971250072,294.389128112793,14.7166795730591,42.5301399230957,-0.0546524047851449,13-Dec-2024 14:42:28
782,2,0,1.00000033853576e-05,0.000129999971250072,294.389128112793,14.7166795730591,42.5225067138672,-0.0546524047851449,13-Dec-2024 14:42:28
782,2,0,1.00000033853576e-05,0.000129999971250072,294.381498718262,14.716739654541,42.5301399230957,-0.0546524047851449,13-Dec-2024 14:42:28
782,2,0,1.00000033853576e-05,0.00012000001152046,294.389128112793,14.716739654541,42.5301399230957,-0.0546524047851449,13-Dec-2024 14:42:28
782,2,0,1.00000033853576e-05,0.00012000001152046,294.389128112793,14.716739654541,42.5301399230957,-0.0546524047851449,13-Dec-2024 14:42:28
782,2,0,1.00000033853576e-05,0.00012000001152046,294.381498718262,14.716739654541,42.5225067138672,-0.0546524047851449,13-Dec-2024 14:42:29
782,2,0,1.00000033853576e-05,0.000129999971250072,294.381498718262,14.7166795730591,42.5301399230957,-0.0546524047851449,13-Dec-2024 14:42:29
782,2,0,1.00000033853576e-05,0.000129999971250072,294.381498718262,14.7166795730591,42.5301399230957,-0.0546524047851449,13-Dec-2024 14:42:29
782,2,0,1.00000033853576e-05,0.000129999971250072,294.381498718262,14.7166795730591,42.5225067138672,-0.0549957275390511,13-Dec-2024 14:42:29
782,2,0,2.00000067707151e-05,0.00012000001152046,294.389128112793,14.7166795730591,42.5301399230957,-0.0546524047851449,13-Dec-2024 14:42:29
782,2,0,2.00000067707151e-05,0.00012000001152046,294.381498718262,14.7166795730591,42.5225067138672,-0.0549957275390511,13-Dec-2024 14:42:29
782,2,0,2.00000067707151e-05,0.00012000001152046,294.381498718262,14.7166795730591,42.5225067138672,-0.0546524047851449,13-Dec-2024 14:42:30
782,2,0,2.00000067707151e-05,0.000129999971250072,294.389128112793,14.7166996002197,42.5301399230957,-0.0546524047851449,13-Dec-2024 14:42:30
782,2,0,2.00000067707151e-05,0.000129999971250072,294.389128112793,14.7166996002197,42.5301399230957,-0.0549957275390511,13-Dec-2024 14:42:30
782,2,0,2.00000067707151e-05,0.000129999971250072,294.373865085178,14.7167100906372,42.5301399230957,-0.0546524047851449,13-Dec-2024 14:42:30
782,3,0,2.00000067707151e-05,0.000129999971250072,294.381498718262,14.7166500091553,42.5225067138672,0.931370544433594,13-Dec-2024 14:42:55
782,3,0,2.00000067707151e-05,0.000129999971250072,294.381498718262,14.7166500091553,42.5225067138672,0.9317138671875,13-Dec-2024 14:42:55
782,3,0,2.00000067707151e-05,0.000129999971250072,294.381498718262,14.7166500091553,42.5225067138672,0.9317138671875,13-Dec-2024 14:42:55
782,3,0,2.00000067707151e-05,0.000129999971250072,294.381498718262,14.7166700363159,42.5301399230957,0.931370544433594,13-Dec-2024 14:42:55
782,3,0,1.00000033853576e-05,0.000129999971250072,294.381498718262,14.7166700363159,42.5225067138672,0.931370544433594,13-Dec-2024 14:42:55
782,3,0,1.00000033853576e-05,0.000129999971250072,294.381498718262,14.7166700363159,42.5301399230957,0.931370544433594,13-Dec-2024 14:42:56
782,3,0,1.00000033853576e-05,0.000129999971250072,294.328088717991,14.7166700363159,42.5301399230957,0.931370544433594,13-Dec-2024 14:42:56
782,3,0,1.00000033853576e-05,0.000129999971250072,294.381498718262,14.7166299819946,42.5225067138672,0.931370544433594,13-Dec-2024 14:42:56
782,3,0,0,0.000129999971250072,294.389128112793,14.7166299819946,42.5301399230957,0.931370544433594,13-Dec-2024 14:42:56
782,3,0,0,0.000129999971250072,294.389128112793,14.7166299819946,42.5225067138672,0.931370544433594,13-Dec-2024 14:42:56
782,3,0,0,0.000129999971250072,294.381498718262,14.7166299819946,42.5301399230957,0.931370544433594,13-Dec-2024 14:42:56
782,3,0,1.00000033853576e-05,0.000129999971250072,294.381498718262,14.7166299819946,42.5301399230957,0.931370544433594,13-Dec-2024 14:42:56
782,3,0,1.00000033853576e-05,0.000129999971250072,294.389128112793,14.7166299819946,42.5301399230957,0.931370544433594,13-Dec-2024 14:42:57
782,3,0,1.00000033853576e-05,0.000129999971250072,294.381498718262,14.7166299819946,42.5301399230957,0.931370544433594,13-Dec-2024 14:42:57
782,3,0,1.00000033853576e-05,0.000129999971250072,294.389128112793,14.7166900634766,42.5225067138672,0.931370544433594,13-Dec-2024 14:42:57
782,3,0,2.00000067707151e-05,0.000129999971250072,294.389128112793,14.7166900634766,42.5225067138672,0.931370544433594,13-Dec-2024 14:42:57
782,3,0,2.00000067707151e-05,0.000129999971250072,294.381498718262,14.7166900634766,42.5225067138672,0.931370544433594,13-Dec-2024 14:42:57
782,3,0,2.00000067707151e-05,0.000129999971250072,294.381498718262,14.7166900634766,42.5301399230957,0.931027221679688,13-Dec-2024 14:42:57
782,3,0,1.00000033853576e-05,0.00012000001152046,294.381498718262,14.7166500091553,42.5301399230957,0.931027221679688,13-Dec-2024 14:42:57
782,3,0,1.00000033853576e-05,0.00012000001152046,294.381498718262,14.7166500091553,42.5301399230957,0.931370544433594,13-Dec-2024 14:42:57
782,3,0,1.00000033853576e-05,0.00012000001152046,294.381498718262,14.7166500091553,42.5301399230957,0.931027221679688,13-Dec-2024 14:42:58
782,3,0,1.00000033853576e-05,0.00012000001152046,294.396757507324,14.7166500091553,42.5301399230957,0.931027221679688,13-Dec-2024 14:42:58
782,3,0,2.00000067707151e-05,0.000129999971250072,294.389128112793,14.7166700363159,42.5301399230957,0.931027221679688,13-Dec-2024 14:42:58
782,3,0,2.00000067707151e-05,0.000129999971250072,294.389128112793,14.7166700363159,42.5301399230957,0.931027221679688,13-Dec-2024 14:42:58
782,3,0,2.00000067707151e-05,0.000129999971250072,294.389128112793,14.7166700363159,42.5225067138672,0.931027221679688,13-Dec-2024 14:42:58
782,3,0,2.00000067707151e-05,0.000129999971250072,294.381498718262,14.7166700363159,42.5225067138672,0.931027221679688,13-Dec-2024 14:42:58
782,3,0,1.00000033853576e-05,0.000129999971250072,294.381498718262,14.7166404724121,42.5301399230957,0.931027221679688,13-Dec-2024 14:42:58
782,3,0,1.00000033853576e-05,0.000129999971250072,294.381498718262,14.7166404724121,42.5301399230957,0.931027221679688,13-Dec-2024 14:42:58
782,3,0,1.00000033853576e-05,0.000129999971250072,294.389128112793,14.7166404724121,42.5301399230957,0.931027221679688,13-Dec-2024 14:42:59
782,3,0,1.00000033853576e-05,0.000129999971250072,294.389128112793,14.7166404724121,42.5301399230957,0.931027221679688,13-Dec-2024 14:42:59
782,3,0,2.00000067707151e-05,0.000129999971250072,294.381498718262,14.7166595458984,42.5225067138672,0.931027221679688,13-Dec-2024 14:42:59
782,3,0,2.00000067707151e-05,0.000129999971250072,294.389128112793,14.7166595458984,42.5301399230957,0.931027221679688,13-Dec-2024 14:42:59
782,3,0,2.00000067707151e-05,0.000129999971250072,294.381498718262,14.7166595458984,42.5301399230957,0.931027221679688,13-Dec-2024 14:42:59
782,3,0,2.00000067707151e-05,0.000129999971250072,294.389128112793,14.7166299819946,42.5301399230957,0.931027221679688,13-Dec-2024 14:42:59
782,3,0,2.00000067707151e-05,0.000129999971250072,294.389128112793,14.7166299819946,42.5225067138672,0.931027221679688,13-Dec-2024 14:42:59
782,3,0,2.00000067707151e-05,0.000129999971250072,294.373865085178,14.7166299819946,42.5225067138672,0.931027221679688,13-Dec-2024 14:43:00
782,3,0,2.00000067707151e-05,0.000129999971250072,294.381498718262,14.7166299819946,42.5301399230957,0.930683898925781,13-Dec-2024 14:43:00
782,3,0,2.00000067707151e-05,0.000129999971250072,294.389128112793,14.7166404724121,42.5301399230957,0.930683898925781,13-Dec-2024 14:43:00
782,4,0,1.00000033853576e-05,0.000129999971250072,294.381498718262,14.7166996002197,42.5225067138672,1.94005279541016,13-Dec-2024 14:43:24
782,4,0,2.00000067707151e-05,0.000129999971250072,294.389128112793,14.7166996002197,42.5225067138672,1.94005279541016,13-Dec-2024 14:43:25
782,4,0,2.00000067707151e-05,0.000129999971250072,294.389128112793,14.7166996002197,42.5225067138672,1.94005279541016,13-Dec-2024 14:43:25
782,4,0,2.00000067707151e-05,0.000129999971250072,294.389128112793,14.7166996002197,42.5301399230957,1.94005279541016,13-Dec-2024 14:43:25
782,4,0,1.00000033853576e-05,0.000129999971250072,294.373865085178,14.7166404724121,42.5301399230957,1.94005279541016,13-Dec-2024 14:43:25
782,4,0,1.00000033853576e-05,0.000129999971250072,294.381498718262,14.7166404724121,42.5301399230957,1.94005279541016,13-Dec-2024 14:43:25
782,4,0,1.00000033853576e-05,0.000129999971250072,294.381498718262,14.7166404724121,42.5225067138672,1.94005279541016,13-Dec-2024 14:43:25
782,4,0,1.00000033853576e-05,0.000129999971250072,294.381498718262,14.7166795730591,42.5225067138672,1.94005279541016,13-Dec-2024 14:43:25
782,4,0,2.00000067707151e-05,0.000129999971250072,294.381498718262,14.7166795730591,42.5225067138672,1.94005279541016,13-Dec-2024 14:43:26
782,4,0,2.00000067707151e-05,0.000129999971250072,294.381498718262,14.7166795730591,42.5225067138672,1.94005279541016,13-Dec-2024 14:43:26
782,4,0,2.00000067707151e-05,0.000129999971250072,294.381498718262,14.7166795730591,42.5225067138672,1.93970947265625,13-Dec-2024 14:43:26
782,4,0,2.00000067707151e-05,0.000129999971250072,294.381498718262,14.7166004180908,42.5301399230957,1.93970947265625,13-Dec-2024 14:43:26
782,4,0,1.00000033853576e-05,0.000129999971250072,294.320459323459,14.7166004180908,42.5301399230957,1.93970947265625,13-Dec-2024 14:43:26
782,4,0,1.00000033853576e-05,0.000129999971250072,294.389128112793,14.7166004180908,42.5225067138672,1.93970947265625,13-Dec-2024 14:43:26
782,4,0,1.00000033853576e-05,0.000129999971250072,294.389128112793,14.7166004180908,42.5225067138672,1.93970947265625,13-Dec-2024 14:43:26
782,4,0,2.00000067707151e-05,0.000129999971250072,294.381498718262,14.7166700363159,42.5225067138672,1.93970947265625,13-Dec-2024 14:43:26
782,4,0,2.00000067707151e-05,0.000129999971250072,294.389128112793,14.7166700363159,42.5225067138672,1.93970947265625,13-Dec-2024 14:43:27
782,4,0,2.00000067707151e-05,0.000129999971250072,294.381498718262,14.7166700363159,42.5301399230957,1.93970947265625,13-Dec-2024 14:43:27
782,4,0,2.00000067707151e-05,0.000129999971250072,294.389128112793,14.7167301177979,42.5225067138672,1.93970947265625,13-Dec-2024 14:43:27
782,4,0,1.00000033853576e-05,0.00012000001152046,294.389128112793,14.7167301177979,42.5301399230957,1.93970947265625,13-Dec-2024 14:43:27
782,4,0,1.00000033853576e-05,0.00012000001152046,294.381498718262,14.7167301177979,42.5225067138672,1.93970947265625,13-Dec-2024 14:43:27
782,4,0,1.00000033853576e-05,0.00012000001152046,294.381498718262,14.7167301177979,42.5225067138672,1.93970947265625,13-Dec-2024 14:43:27
782,4,0,2.00000067707151e-05,0.00012000001152046,294.389128112793,14.7166700363159,42.5225067138672,1.93970947265625,13-Dec-2024 14:43:27
782,4,0,2.00000067707151e-05,0.00012000001152046,294.381498718262,14.7166700363159,42.5301399230957,1.93970947265625,13-Dec-2024 14:43:28
782,4,0,2.00000067707151e-05,0.00012000001152046,294.381498718262,14.7166700363159,42.5225067138672,1.93936614990234,13-Dec-2024 14:43:28
782,4,0,2.00000067707151e-05,0.00012000001152046,294.381498718262,14.7166299819946,42.5301399230957,1.93936614990234,13-Dec-2024 14:43:28
782,4,0,1.00000033853576e-05,0.000129999971250072,294.381498718262,14.7166299819946,42.5301399230957,1.93936614990234,13-Dec-2024 14:43:28
782,4,0,1.00000033853576e-05,0.000129999971250072,294.396757507324,14.7166299819946,42.5225067138672,1.93936614990234,13-Dec-2024 14:43:28
782,4,0,1.00000033853576e-05,0.000129999971250072,294.389128112793,14.7166299819946,42.5225067138672,1.93936614990234,13-Dec-2024 14:43:28
782,4,0,2.00000067707151e-05,0.000129999971250072,294.389128112793,14.7166500091553,42.5225067138672,1.93936614990234,13-Dec-2024 14:43:28
782,4,0,2.00000067707151e-05,0.000129999971250072,294.381498718262,14.7166500091553,42.5225067138672,1.93936614990234,13-Dec-2024 14:43:29
782,4,0,2.00000067707151e-05,0.000129999971250072,294.381498718262,14.7166500091553,42.5225067138672,1.93936614990234,13-Dec-2024 14:43:29
782,4,0,2.00000067707151e-05,0.000129999971250072,294.389128112793,14.7166500091553,42.5225067138672,1.93936614990234,13-Dec-2024 14:43:29
782,4,0,2.00000067707151e-05,0.000129999971250072,294.381498718262,14.7166595458984,42.5225067138672,1.93936614990234,13-Dec-2024 14:43:29
782,4,0,2.00000067707151e-05,0.000129999971250072,294.381498718262,14.7166595458984,42.5225067138672,1.93936614990234,13-Dec-2024 14:43:29
782,4,0,2.00000067707151e-05,0.000129999971250072,294.381498718262,14.7166595458984,42.5225067138672,1.93936614990234,13-Dec-2024 14:43:29
782,5,0,2.00000067707151e-05,0.000139999989187345,294.381498718262,14.7168502807617,42.5225067138672,2.93465881347656,13-Dec-2024 14:43:54
782,5,0,1.00000033853576e-05,0.000129999971250072,294.381498718262,14.7168502807617,42.5301399230957,2.93465881347656,13-Dec-2024 14:43:54
782,5,0,1.00000033853576e-05,0.000129999971250072,294.389128112793,14.7168502807617,42.5225067138672,2.93465881347656,13-Dec-2024 14:43:54
782,5,0,1.00000033853576e-05,0.000129999971250072,294.381498718262,14.7168502807617,42.5301399230957,2.93465881347656,13-Dec-2024 14:43:54
782,5,0,1.00000033853576e-05,0.000129999971250072,294.381498718262,14.7168102264404,42.5301399230957,2.93465881347656,13-Dec-2024 14:43:55
782,5,0,1.00000033853576e-05,0.000129999971250072,294.389128112793,14.7168102264404,42.5225067138672,2.93465881347656,13-Dec-2024 14:43:55
782,5,0,1.00000033853576e-05,0.000129999971250072,294.381498718262,14.7168102264404,42.5225067138672,2.93465881347656,13-Dec-2024 14:43:55
782,5,0,1.00000033853576e-05,0.000129999971250072,294.381498718262,14.7168102264404,42.5225067138672,2.93465881347656,13-Dec-2024 14:43:55
782,5,0,1.00000033853576e-05,0.000129999971250072,294.381498718262,14.7168502807617,42.5225067138672,2.93465881347656,13-Dec-2024 14:43:55
782,5,0,1.00000033853576e-05,0.000129999971250072,294.381498718262,14.7168502807617,42.5225067138672,2.93465881347656,13-Dec-2024 14:43:55
782,5,0,1.00000033853576e-05,0.000129999971250072,294.381498718262,14.7168502807617,42.5225067138672,2.93465881347656,13-Dec-2024 14:43:55
782,5,0,1.00000033853576e-05,0.000129999971250072,294.381498718262,14.7168502807617,42.5301399230957,2.93465881347656,13-Dec-2024 14:43:55
782,5,0,2.00000067707151e-05,0.000129999971250072,294.389128112793,14.7168397903442,42.5301399230957,2.93431549072266,13-Dec-2024 14:43:56
782,5,0,2.00000067707151e-05,0.000129999971250072,294.381498718262,14.7168397903442,42.5301399230957,2.93431549072266,13-Dec-2024 14:43:56
782,5,0,2.00000067707151e-05,0.000129999971250072,294.381498718262,14.7168397903442,42.5225067138672,2.93431549072266,13-Dec-2024 14:43:56
782,5,0,2.00000067707151e-05,0.000129999971250072,294.381498718262,14.7168197631836,42.5225067138672,2.93431549072266,13-Dec-2024 14:43:56
782,5,0,2.00000067707151e-05,0.00012000001152046,294.381498718262,14.7168197631836,42.5225067138672,2.93431549072266,13-Dec-2024 14:43:56
782,5,0,2.00000067707151e-05,0.00012000001152046,294.381498718262,14.7168197631836,42.5301399230957,2.93431549072266,13-Dec-2024 14:43:56
782,5,0,2.00000067707151e-05,0.00012000001152046,294.381498718262,14.7168197631836,42.5301399230957,2.93431549072266,13-Dec-2024 14:43:56
782,5,0,2.00000067707151e-05,0.00012000001152046,294.335718112522,14.7168397903442,42.5301399230957,2.93431549072266,13-Dec-2024 14:43:57
782,5,0,1.00000033853576e-05,0.00012000001152046,294.381498718262,14.7168397903442,42.5225067138672,2.93431549072266,13-Dec-2024 14:43:57
782,5,0,1.00000033853576e-05,0.00012000001152046,294.381498718262,14.7168397903442,42.5301399230957,2.93431549072266,13-Dec-2024 14:43:57
782,5,0,1.00000033853576e-05,0.00012000001152046,294.389128112793,14.7168397903442,42.5301399230957,2.93431549072266,13-Dec-2024 14:43:57
782,5,0,1.00000033853576e-05,0.000129999971250072,294.381498718262,14.7168397903442,42.5225067138672,2.93431549072266,13-Dec-2024 14:43:57
782,5,0,1.00000033853576e-05,0.000129999971250072,294.381498718262,14.7168397903442,42.5225067138672,2.93431549072266,13-Dec-2024 14:43:57
782,5,0,1.00000033853576e-05,0.000129999971250072,294.381498718262,14.7168397903442,42.5225067138672,2.93431549072266,13-Dec-2024 14:43:57
782,5,0,1.00000033853576e-05,0.000129999971250072,294.389128112793,14.7168302536011,42.5301399230957,2.93397216796875,13-Dec-2024 14:43:58
782,5,0,2.00000067707151e-05,0.00012000001152046,294.389128112793,14.7168302536011,42.5301399230957,2.93431549072266,13-Dec-2024 14:43:58
782,5,0,2.00000067707151e-05,0.00012000001152046,294.389128112793,14.7168302536011,42.5301399230957,2.93397216796875,13-Dec-2024 14:43:58
782,5,0,2.00000067707151e-05,0.00012000001152046,294.389128112793,14.7168302536011,42.5225067138672,2.93397216796875,13-Dec-2024 14:43:58
782,5,0,1.00000033853576e-05,0.000129999971250072,294.389128112793,14.7168598175049,42.5225067138672,2.93397216796875,13-Dec-2024 14:43:58
782,5,0,1.00000033853576e-05,0.000129999971250072,294.381498718262,14.7168598175049,42.5225067138672,2.93397216796875,13-Dec-2024 14:43:58
782,5,0,1.00000033853576e-05,0.000129999971250072,294.381498718262,14.7168598175049,42.5225067138672,2.93397216796875,13-Dec-2024 14:43:58
782,5,0,1.00000033853576e-05,0.00012000001152046,294.381498718262,14.7168302536011,42.5301399230957,2.93397216796875,13-Dec-2024 14:43:59
782,5,0,2.00000067707151e-05,0.00012000001152046,294.389128112793,14.7168302536011,42.5225067138672,2.93397216796875,13-Dec-2024 14:43:59
782,5,0,2.00000067707151e-05,0.00012000001152046,294.381498718262,14.7168302536011,42.5225067138672,2.93397216796875,13-Dec-2024 14:43:59
782,6,0,2.00000067707151e-05,0.000129999971250072,294.381498718262,14.7166700363159,42.5301399230957,3.93338470458984,13-Dec-2024 14:44:24
782,6,0,2.00000067707151e-05,0.000129999971250072,294.381498718262,14.7166700363159,42.5301399230957,3.93338470458984,13-Dec-2024 14:44:24
782,6,0,0,0.000139999989187345,294.389128112793,14.7166700363159,42.5225067138672,3.93338470458984,13-Dec-2024 14:44:24
782,6,0,0,0.000139999989187345,294.389128112793,14.7166700363159,42.5225067138672,3.93338470458984,13-Dec-2024 14:44:24
782,6,0,0,0.000139999989187345,294.389128112793,14.7166700363159,42.5225067138672,3.93304138183594,13-Dec-2024 14:44:24
782,6,0,1.00000033853576e-05,0.000129999971250072,294.389128112793,14.716739654541,42.5225067138672,3.93304138183594,13-Dec-2024 14:44:24
782,6,0,1.00000033853576e-05,0.000129999971250072,294.381498718262,14.716739654541,42.5225067138672,3.93304138183594,13-Dec-2024 14:44:24
782,6,0,1.00000033853576e-05,0.000129999971250072,294.381498718262,14.716739654541,42.5301399230957,3.93304138183594,13-Dec-2024 14:44:25
782,6,0,1.00000033853576e-05,0.000129999971250072,294.389128112793,14.716739654541,42.5301399230957,3.93304138183594,13-Dec-2024 14:44:25
782,6,0,1.00000033853576e-05,0.000129999971250072,294.389128112793,14.7167196273804,42.5225067138672,3.93304138183594,13-Dec-2024 14:44:25
782,6,0,1.00000033853576e-05,0.000129999971250072,294.381498718262,14.7167196273804,42.5301399230957,3.93304138183594,13-Dec-2024 14:44:25
782,6,0,1.00000033853576e-05,0.000129999971250072,294.389128112793,14.7167196273804,42.5301399230957,3.93269805908203,13-Dec-2024 14:44:25
782,6,0,1.00000033853576e-05,0.000129999971250072,294.381498718262,14.716739654541,42.5225067138672,3.93269805908203,13-Dec-2024 14:44:25
782,6,0,1.00000033853576e-05,0.000129999971250072,294.381498718262,14.716739654541,42.5301399230957,3.93269805908203,13-Dec-2024 14:44:25
782,6,0,1.00000033853576e-05,0.000129999971250072,294.381498718262,14.716739654541,42.5225067138672,3.93269805908203,13-Dec-2024 14:44:25
782,6,0,1.00000033853576e-05,0.000129999971250072,294.381498718262,14.716739654541,42.5301399230957,3.93269805908203,13-Dec-2024 14:44:26
782,6,0,2.00000067707151e-05,0.00012000001152046,294.389128112793,14.7167196273804,42.5301399230957,3.93235473632812,13-Dec-2024 14:44:26
782,6,0,2.00000067707151e-05,0.00012000001152046,294.381498718262,14.7167196273804,42.5301399230957,3.93235473632812,13-Dec-2024 14:44:26
782,6,0,2.00000067707151e-05,0.00012000001152046,294.335718112522,14.7167196273804,42.5301399230957,3.93235473632812,13-Dec-2024 14:44:26
782,6,0,2.00000067707151e-05,0.00012000001152046,294.389128112793,14.7166500091553,42.5225067138672,3.93235473632812,13-Dec-2024 14:44:26
782,6,0,2.00000067707151e-05,0.00012000001152046,294.381498718262,14.7166500091553,42.5225067138672,3.93235473632812,13-Dec-2024 14:44:26
782,6,0,2.00000067707151e-05,0.00012000001152046,294.389128112793,14.7166500091553,42.5301399230957,3.93235473632812,13-Dec-2024 14:44:26
782,6,0,2.00000067707151e-05,0.00012000001152046,294.389128112793,14.7166500091553,42.5301399230957,3.93201141357422,13-Dec-2024 14:44:27
782,6,0,2.00000067707151e-05,0.000129999971250072,294.381498718262,14.7166004180908,42.5301399230957,3.93201141357422,13-Dec-2024 14:44:27
782,6,0,2.00000067707151e-05,0.000129999971250072,294.381498718262,14.7166004180908,42.5301399230957,3.93201141357422,13-Dec-2024 14:44:27
782,6,0,2.00000067707151e-05,0.000129999971250072,294.373865085178,14.7166004180908,42.5301399230957,3.93201141357422,13-Dec-2024 14:44:27
782,6,0,2.00000067707151e-05,0.000129999971250072,294.389128112793,14.7167100906372,42.5225067138672,3.93201141357422,13-Dec-2024 14:44:27
782,6,0,1.00000033853576e-05,0.000129999971250072,294.389128112793,14.7167100906372,42.5301399230957,3.93201141357422,13-Dec-2024 14:44:27
782,6,0,1.00000033853576e-05,0.000129999971250072,294.389128112793,14.7167100906372,42.5225067138672,3.93166809082031,13-Dec-2024 14:44:27
782,6,0,1.00000033853576e-05,0.000129999971250072,294.381498718262,14.7167100906372,42.5225067138672,3.93201141357422,13-Dec-2024 14:44:28
782,6,0,0,0.000129999971250072,294.389128112793,14.7167196273804,42.5225067138672,3.93166809082031,13-Dec-2024 14:44:28
782,6,0,0,0.000129999971250072,294.381498718262,14.7167196273804,42.5225067138672,3.93166809082031,13-Dec-2024 14:44:28
782,6,0,0,0.000129999971250072,294.381498718262,14.7167196273804,42.5301399230957,3.93166809082031,13-Dec-2024 14:44:28
782,6,0,0,0.000129999971250072,294.381498718262,14.7167196273804,42.5301399230957,3.93166809082031,13-Dec-2024 14:44:28
782,6,0,1.00000033853576e-05,0.000129999971250072,294.381498718262,14.7166900634766,42.5225067138672,3.93166809082031,13-Dec-2024 14:44:28
782,6,0,1.00000033853576e-05,0.000129999971250072,294.381498718262,14.7166900634766,42.5225067138672,3.93132476806641,13-Dec-2024 14:44:28
782,7,0,1.00000033853576e-05,0.00012000001152046,294.381498718262,14.7166204452515,42.5301399230957,4.91185455322266,13-Dec-2024 14:44:53
782,7,0,1.00000033853576e-05,0.00012000001152046,294.381498718262,14.7166204452515,42.5225067138672,4.91185455322266,13-Dec-2024 14:44:53
782,7,0,1.00000033853576e-05,0.00012000001152046,294.389128112793,14.7165899276733,42.5225067138672,4.91185455322266,13-Dec-2024 14:44:53
782,7,0,2.00000067707151e-05,0.00012000001152046,294.381498718262,14.7165899276733,42.5301399230957,4.91185455322266,13-Dec-2024 14:44:53
782,7,0,2.00000067707151e-05,0.00012000001152046,294.389128112793,14.7165899276733,42.5301399230957,4.91185455322266,13-Dec-2024 14:44:54
782,7,0,2.00000067707151e-05,0.00012000001152046,294.389128112793,14.7165899276733,42.5301399230957,4.91151123046875,13-Dec-2024 14:44:54
782,7,0,1.00000033853576e-05,0.00012000001152046,294.389128112793,14.7165699005127,42.5225067138672,4.91151123046875,13-Dec-2024 14:44:54
782,7,0,1.00000033853576e-05,0.00012000001152046,294.389128112793,14.7165699005127,42.5225067138672,4.91151123046875,13-Dec-2024 14:44:54
782,7,0,1.00000033853576e-05,0.00012000001152046,294.381498718262,14.7165699005127,42.5225067138672,4.91151123046875,13-Dec-2024 14:44:54
782,7,0,1.00000033853576e-05,0.00012000001152046,294.389128112793,14.7166004180908,42.5225067138672,4.91151123046875,13-Dec-2024 14:44:54
782,7,0,2.00000067707151e-05,0.000129999971250072,294.381498718262,14.7166004180908,42.5225067138672,4.91151123046875,13-Dec-2024 14:44:54
782,7,0,2.00000067707151e-05,0.000129999971250072,294.389128112793,14.7166004180908,42.5301399230957,4.91151123046875,13-Dec-2024 14:44:55
782,7,0,2.00000067707151e-05,0.000129999971250072,294.381498718262,14.7166004180908,42.5225067138672,4.91151123046875,13-Dec-2024 14:44:55
782,7,0,2.00000067707151e-05,0.000129999971250072,294.381498718262,14.7165803909302,42.5225067138672,4.91151123046875,13-Dec-2024 14:44:55
782,7,0,2.00000067707151e-05,0.000129999971250072,294.381498718262,14.7165803909302,42.5225067138672,4.91151123046875,13-Dec-2024 14:44:55
782,7,0,2.00000067707151e-05,0.000129999971250072,294.381498718262,14.7165803909302,42.5301399230957,4.91151123046875,13-Dec-2024 14:44:55
782,7,0,2.00000067707151e-05,0.000129999971250072,294.381498718262,14.7165498733521,42.5301399230957,4.91116790771484,13-Dec-2024 14:44:55
782,7,0,1.00000033853576e-05,0.000129999971250072,294.381498718262,14.7165498733521,42.5301399230957,4.91116790771484,13-Dec-2024 14:44:55
782,7,0,1.00000033853576e-05,0.000129999971250072,294.381498718262,14.7165498733521,42.5301399230957,4.91116790771484,13-Dec-2024 14:44:56
782,7,0,1.00000033853576e-05,0.000129999971250072,294.381498718262,14.7165498733521,42.5301399230957,4.91116790771484,13-Dec-2024 14:44:56
782,7,0,1.00000033853576e-05,0.00012000001152046,294.381498718262,14.7165603637695,42.5225067138672,4.91116790771484,13-Dec-2024 14:44:56
782,7,0,1.00000033853576e-05,0.00012000001152046,294.381498718262,14.7165603637695,42.5225067138672,4.91151123046875,13-Dec-2024 14:44:56
782,7,0,1.00000033853576e-05,0.00012000001152046,294.381498718262,14.7165603637695,42.5225067138672,4.91116790771484,13-Dec-2024 14:44:56
782,7,0,1.00000033853576e-05,0.00012000001152046,294.381498718262,14.7165603637695,42.5301399230957,4.91116790771484,13-Dec-2024 14:44:56
782,7,0,2.00000067707151e-05,0.000129999971250072,294.389128112793,14.7165699005127,42.5301399230957,4.91116790771484,13-Dec-2024 14:44:56
782,7,0,2.00000067707151e-05,0.000129999971250072,294.381498718262,14.7165699005127,42.5301399230957,4.91116790771484,13-Dec-2024 14:44:57
782,7,0,2.00000067707151e-05,0.000129999971250072,294.381498718262,14.7165699005127,42.5301399230957,4.91116790771484,13-Dec-2024 14:44:57
782,7,0,2.00000067707151e-05,0.000129999971250072,294.381498718262,14.7165498733521,42.5225067138672,4.91116790771484,13-Dec-2024 14:44:57
782,7,0,1.00000033853576e-05,0.000129999971250072,294.381498718262,14.7165498733521,42.5225067138672,4.91116790771484,13-Dec-2024 14:44:57
782,7,0,1.00000033853576e-05,0.000129999971250072,294.381498718262,14.7165498733521,42.5301399230957,4.91116790771484,13-Dec-2024 14:44:57
782,7,0,1.00000033853576e-05,0.000129999971250072,294.389128112793,14.7165498733521,42.5301399230957,4.91116790771484,13-Dec-2024 14:44:57
782,7,0,1.00000033853576e-05,0.000129999971250072,294.381498718262,14.7165098190308,42.5301399230957,4.91116790771484,13-Dec-2024 14:44:57
782,7,0,1.00000033853576e-05,0.000129999971250072,294.389128112793,14.7165098190308,42.5301399230957,4.91116790771484,13-Dec-2024 14:44:58
782,7,0,1.00000033853576e-05,0.000129999971250072,294.389128112793,14.7165098190308,42.5225067138672,4.91082458496094,13-Dec-2024 14:44:58
782,7,0,1.00000033853576e-05,0.000129999971250072,294.389128112793,14.7165098190308,42.5301399230957,4.91082458496094,13-Dec-2024 14:44:58
782,7,0,1.00000033853576e-05,0.000129999971250072,294.381498718262,14.7165699005127,42.5225067138672,4.91116790771484,13-Dec-2024 14:44:58
782,8,0,1.00000033853576e-05,0.000129999971250072,294.389128112793,14.716480255127,42.5225067138672,5.90302734375,13-Dec-2024 14:45:23
782,8,0,1.00000033853576e-05,0.000129999971250072,294.381498718262,14.716480255127,42.5301399230957,5.90302734375,13-Dec-2024 14:45:23
782,8,0,1.00000033853576e-05,0.000129999971250072,294.381498718262,14.7165403366089,42.5225067138672,5.90302734375,13-Dec-2024 14:45:23
782,8,0,1.00000033853576e-05,0.000129999971250072,294.328088717991,14.7165403366089,42.5301399230957,5.90268402099609,13-Dec-2024 14:45:23
782,8,0,1.00000033853576e-05,0.000129999971250072,294.328088717991,14.7165403366089,42.5301399230957,5.90302734375,13-Dec-2024 14:45:23
782,8,0,1.00000033853576e-05,0.000129999971250072,294.328088717991,14.7165403366089,42.5225067138672,5.90268402099609,13-Dec-2024 14:45:23
782,8,0,1.00000033853576e-05,0.00012000001152046,294.320459323459,14.7165403366089,42.5301399230957,5.90268402099609,13-Dec-2024 14:45:24
782,8,0,1.00000033853576e-05,0.00012000001152046,294.328088717991,14.7165403366089,42.5301399230957,5.90268402099609,13-Dec-2024 14:45:24
782,8,0,1.00000033853576e-05,0.00012000001152046,294.328088717991,14.7165403366089,42.5301399230957,5.90268402099609,13-Dec-2024 14:45:24
782,8,0,1.00000033853576e-05,0.00012000001152046,294.328088717991,14.7165403366089,42.5301399230957,5.90268402099609,13-Dec-2024 14:45:24
782,8,0,1.00000033853576e-05,0.000129999971250072,294.335718112522,14.7166004180908,42.5225067138672,5.90268402099609,13-Dec-2024 14:45:24
782,8,0,1.00000033853576e-05,0.000129999971250072,294.320459323459,14.7166004180908,42.5301399230957,5.90268402099609,13-Dec-2024 14:45:24
782,8,0,1.00000033853576e-05,0.000129999971250072,294.328088717991,14.7166004180908,42.5225067138672,5.90268402099609,13-Dec-2024 14:45:24
782,8,0,1.00000033853576e-05,0.000129999971250072,294.328088717991,14.7165498733521,42.5225067138672,5.90268402099609,13-Dec-2024 14:45:24
782,8,0,1.00000033853576e-05,0.000129999971250072,294.328088717991,14.7165498733521,42.5225067138672,5.90234069824219,13-Dec-2024 14:45:25
782,8,0,1.00000033853576e-05,0.000129999971250072,294.328088717991,14.7165498733521,42.5301399230957,5.90268402099609,13-Dec-2024 14:45:25
782,8,0,1.00000033853576e-05,0.000129999971250072,294.328088717991,14.7165498733521,42.5225067138672,5.90234069824219,13-Dec-2024 14:45:25
782,8,0,1.00000033853576e-05,0.000129999971250072,294.328088717991,14.7165498733521,42.5301399230957,5.90234069824219,13-Dec-2024 14:45:25
782,8,0,1.00000033853576e-05,0.000129999971250072,294.328088717991,14.7165498733521,42.5301399230957,5.90234069824219,13-Dec-2024 14:45:25
782,8,0,1.00000033853576e-05,0.000129999971250072,294.328088717991,14.7165498733521,42.5225067138672,5.90234069824219,13-Dec-2024 14:45:25
782,8,0,1.00000033853576e-05,0.000129999971250072,294.328088717991,14.7165298461914,42.5301399230957,5.90234069824219,13-Dec-2024 14:45:25
782,8,0,2.00000067707151e-05,0.00012000001152046,294.328088717991,14.7165298461914,42.5301399230957,5.90234069824219,13-Dec-2024 14:45:26
782,8,0,2.00000067707151e-05,0.00012000001152046,294.320459323459,14.7165298461914,42.5301399230957,5.90234069824219,13-Dec-2024 14:45:26
782,8,0,2.00000067707151e-05,0.00012000001152046,294.328088717991,14.7165298461914,42.5301399230957,5.90234069824219,13-Dec-2024 14:45:26
782,8,0,2.00000067707151e-05,0.000129999971250072,294.305192057292,14.7165298461914,42.5301399230957,5.90234069824219,13-Dec-2024 14:45:26
782,8,0,1.00000033853576e-05,0.000129999971250072,294.328088717991,14.7165298461914,42.5301399230957,5.90234069824219,13-Dec-2024 14:45:26
782,8,0,1.00000033853576e-05,0.000129999971250072,294.328088717991,14.7165298461914,42.5301399230957,5.90199737548828,13-Dec-2024 14:45:26
782,8,0,1.00000033853576e-05,0.000129999971250072,294.320459323459,14.7165298461914,42.5225067138672,5.90199737548828,13-Dec-2024 14:45:26
782,8,0,1.00000033853576e-05,0.000129999971250072,294.328088717991,14.7165699005127,42.5301399230957,5.90199737548828,13-Dec-2024 14:45:27
782,8,0,1.00000033853576e-05,0.000129999971250072,294.328088717991,14.7165699005127,42.5225067138672,5.90199737548828,13-Dec-2024 14:45:27
782,8,0,1.00000033853576e-05,0.000129999971250072,294.328088717991,14.7165699005127,42.5225067138672,5.90199737548828,13-Dec-2024 14:45:27
782,8,0,1.00000033853576e-05,0.000129999971250072,294.328088717991,14.7165699005127,42.5301399230957,5.90199737548828,13-Dec-2024 14:45:27
782,8,0,0,0.000129999971250072,294.282303873698,14.7165603637695,42.5225067138672,5.90199737548828,13-Dec-2024 14:45:27
782,8,0,0,0.000129999971250072,294.381498718262,14.7165603637695,42.5225067138672,5.90199737548828,13-Dec-2024 14:45:27
782,8,0,0,0.000129999971250072,294.389128112793,14.7165603637695,42.5225067138672,5.90199737548828,13-Dec-2024 14:45:27
782,8,0,0,0.000129999971250072,294.381498718262,14.7165498733521,42.5225067138672,5.90199737548828,13-Dec-2024 14:45:27
782,8,0,1.00000033853576e-05,0.000129999971250072,294.381498718262,14.7165498733521,42.5225067138672,5.90199737548828,13-Dec-2024 14:45:28
782,9,0,0,0.000129999971250072,294.389128112793,14.7166595458984,42.5301399230957,6.89557342529297,13-Dec-2024 14:45:52
782,9,0,0,0.000129999971250072,294.381498718262,14.7166595458984,42.5301399230957,6.89557342529297,13-Dec-2024 14:45:52
782,9,0,0,0.000129999971250072,294.381498718262,14.7166595458984,42.5301399230957,6.89557342529297,13-Dec-2024 14:45:53
782,9,0,0,0.000129999971250072,294.389128112793,14.7167100906372,42.5225067138672,6.89557342529297,13-Dec-2024 14:45:53
782,9,0,0,0.000129999971250072,294.381498718262,14.7167100906372,42.5225067138672,6.89557342529297,13-Dec-2024 14:45:53
782,9,0,0,0.000129999971250072,294.381498718262,14.7167100906372,42.5225067138672,6.89557342529297,13-Dec-2024 14:45:53
782,9,0,0,0.000129999971250072,294.389128112793,14.7167100906372,42.5301399230957,6.89557342529297,13-Dec-2024 14:45:53
782,9,0,2.00000067707151e-05,0.000129999971250072,294.381498718262,14.7167100906372,42.5225067138672,6.89557342529297,13-Dec-2024 14:45:53
782,9,0,2.00000067707151e-05,0.000129999971250072,294.389128112793,14.7167100906372,42.5301399230957,6.89557342529297,13-Dec-2024 14:45:53
782,9,0,2.00000067707151e-05,0.000129999971250072,294.366235690647,14.7167100906372,42.5301399230957,6.89523010253906,13-Dec-2024 14:45:54
782,9,0,1.00000033853576e-05,0.00012000001152046,294.328088717991,14.7167100906372,42.5225067138672,6.89523010253906,13-Dec-2024 14:45:54
782,9,0,1.00000033853576e-05,0.00012000001152046,294.320459323459,14.7167100906372,42.5301399230957,6.89523010253906,13-Dec-2024 14:45:54
782,9,0,1.00000033853576e-05,0.00012000001152046,294.320459323459,14.7167100906372,42.5225067138672,6.89523010253906,13-Dec-2024 14:45:54
782,9,0,1.00000033853576e-05,0.00012000001152046,294.320459323459,14.7167100906372,42.5301399230957,6.89523010253906,13-Dec-2024 14:45:54
782,9,0,1.00000033853576e-05,0.00012000001152046,294.328088717991,14.7166700363159,42.5301399230957,6.89523010253906,13-Dec-2024 14:45:54
782,9,0,1.00000033853576e-05,0.00012000001152046,294.328088717991,14.7166700363159,42.5225067138672,6.89523010253906,13-Dec-2024 14:45:54
782,9,0,1.00000033853576e-05,0.00012000001152046,294.328088717991,14.7166700363159,42.5301399230957,6.89523010253906,13-Dec-2024 14:45:54
782,9,0,1.00000033853576e-05,0.00012000001152046,294.328088717991,14.7166500091553,42.5225067138672,6.89523010253906,13-Dec-2024 14:45:55
782,9,0,2.00000067707151e-05,0.000129999971250072,294.328088717991,14.7166500091553,42.5225067138672,6.89523010253906,13-Dec-2024 14:45:55
782,9,0,2.00000067707151e-05,0.000129999971250072,294.328088717991,14.7166500091553,42.5301399230957,6.89523010253906,13-Dec-2024 14:45:55
782,9,0,2.00000067707151e-05,0.000129999971250072,294.328088717991,14.7166500091553,42.5225067138672,6.89488677978516,13-Dec-2024 14:45:55
782,9,0,2.00000067707151e-05,0.000139999989187345,294.328088717991,14.7166700363159,42.5225067138672,6.89488677978516,13-Dec-2024 14:45:55
782,9,0,1.00000033853576e-05,0.000139999989187345,294.320459323459,14.7166700363159,42.5225067138672,6.89488677978516,13-Dec-2024 14:45:55
782,9,0,1.00000033853576e-05,0.000139999989187345,294.328088717991,14.7166700363159,42.5301399230957,6.89488677978516,13-Dec-2024 14:45:55
782,9,0,1.00000033853576e-05,0.000139999989187345,294.320459323459,14.7166795730591,42.5225067138672,6.89488677978516,13-Dec-2024 14:45:56
782,9,0,1.00000033853576e-05,0.000129999971250072,294.328088717991,14.7166795730591,42.5225067138672,6.89488677978516,13-Dec-2024 14:45:56
782,9,0,1.00000033853576e-05,0.000129999971250072,294.328088717991,14.7166795730591,42.5225067138672,6.89488677978516,13-Dec-2024 14:45:56
782,9,0,1.00000033853576e-05,0.000129999971250072,294.320459323459,14.7166795730591,42.5301399230957,6.89488677978516,13-Dec-2024 14:45:56
782,9,0,1.00000033853576e-05,0.000129999971250072,294.328088717991,14.7167301177979,42.5225067138672,6.89488677978516,13-Dec-2024 14:45:56
782,9,0,1.00000033853576e-05,0.000129999971250072,294.320459323459,14.7167301177979,42.5225067138672,6.89488677978516,13-Dec-2024 14:45:56
782,9,0,1.00000033853576e-05,0.000129999971250072,294.328088717991,14.7167301177979,42.5301399230957,6.89488677978516,13-Dec-2024 14:45:56
782,9,0,1.00000033853576e-05,0.000129999971250072,294.251786295573,14.7167301177979,42.5301399230957,6.89454345703125,13-Dec-2024 14:45:56
782,9,0,1.00000033853576e-05,0.000129999971250072,294.320459323459,14.7166996002197,42.5225067138672,6.89454345703125,13-Dec-2024 14:45:57
782,9,0,1.00000033853576e-05,0.000129999971250072,294.328088717991,14.7166996002197,42.5301399230957,6.89454345703125,13-Dec-2024 14:45:57
782,9,0,1.00000033853576e-05,0.000129999971250072,294.328088717991,14.7166996002197,42.5225067138672,6.89454345703125,13-Dec-2024 14:45:57
782,9,0,1.00000033853576e-05,0.000129999971250072,294.320459323459,14.7166996002197,42.5225067138672,6.89454345703125,13-Dec-2024 14:45:57
782,9,0,1.00000033853576e-05,0.000129999971250072,294.328088717991,14.7166795730591,42.5225067138672,6.89454345703125,13-Dec-2024 14:45:57
782,10,0,1.00000033853576e-05,0.000129999971250072,294.282303873698,14.7166900634766,42.5301399230957,7.88811950683594,13-Dec-2024 14:46:22
782,10,0,1.00000033853576e-05,0.000129999971250072,294.320459323459,14.7166900634766,42.5225067138672,7.88811950683594,13-Dec-2024 14:46:22
782,10,0,1.00000033853576e-05,0.000129999971250072,294.328088717991,14.7167196273804,42.5225067138672,7.88777618408203,13-Dec-2024 14:46:22
782,10,0,1.00000033853576e-05,0.000129999971250072,294.328088717991,14.7167196273804,42.5225067138672,7.88777618408203,13-Dec-2024 14:46:23
782,10,0,1.00000033853576e-05,0.000129999971250072,294.320459323459,14.7167301177979,42.5225067138672,7.88777618408203,13-Dec-2024 14:46:23
782,10,0,1.00000033853576e-05,0.00012000001152046,294.335718112522,14.7167301177979,42.5301399230957,7.88777618408203,13-Dec-2024 14:46:23
782,10,0,1.00000033853576e-05,0.00012000001152046,294.320459323459,14.7167301177979,42.5225067138672,7.88777618408203,13-Dec-2024 14:46:23
782,10,0,1.00000033853576e-05,0.000129999971250072,294.328088717991,14.7166996002197,42.5301399230957,7.88777618408203,13-Dec-2024 14:46:23
782,10,0,1.00000033853576e-05,0.000129999971250072,294.320459323459,14.7166996002197,42.5225067138672,7.88743286132812,13-Dec-2024 14:46:24
782,10,0,1.00000033853576e-05,0.000129999971250072,294.328088717991,14.7166795730591,42.5225067138672,7.88743286132812,13-Dec-2024 14:46:24
782,10,0,1.00000033853576e-05,0.000129999971250072,294.328088717991,14.7166795730591,42.5225067138672,7.88743286132812,13-Dec-2024 14:46:24
782,10,0,1.00000033853576e-05,0.000129999971250072,294.328088717991,14.7166795730591,42.5225067138672,7.88743286132812,13-Dec-2024 14:46:24
782,10,0,1.00000033853576e-05,0.000129999971250072,294.328088717991,14.7167196273804,42.5225067138672,7.88743286132812,13-Dec-2024 14:46:24
782,10,0,2.00000067707151e-05,0.000129999971250072,294.320459323459,14.7167196273804,42.5225067138672,7.88743286132812,13-Dec-2024 14:46:24
782,10,0,2.00000067707151e-05,0.000129999971250072,294.320459323459,14.7167196273804,42.5225067138672,7.88743286132812,13-Dec-2024 14:46:24
782,10,0,2.00000067707151e-05,0.000129999971250072,294.328088717991,14.7167196273804,42.5225067138672,7.88743286132812,13-Dec-2024 14:46:25
782,10,0,1.00000033853576e-05,0.000129999971250072,294.320459323459,14.7167100906372,42.5225067138672,7.88743286132812,13-Dec-2024 14:46:25
782,10,0,1.00000033853576e-05,0.000129999971250072,294.328088717991,14.7167100906372,42.5225067138672,7.88743286132812,13-Dec-2024 14:46:25
782,10,0,1.00000033853576e-05,0.000129999971250072,294.328088717991,14.7167100906372,42.5225067138672,7.88708953857422,13-Dec-2024 14:46:25
782,10,0,1.00000033853576e-05,0.000129999971250072,294.328088717991,14.7167100906372,42.5225067138672,7.88708953857422,13-Dec-2024 14:46:25
782,10,0,2.00000067707151e-05,0.00012000001152046,294.320459323459,14.7167301177979,42.5225067138672,7.88708953857422,13-Dec-2024 14:46:25
782,10,0,2.00000067707151e-05,0.00012000001152046,294.328088717991,14.7167301177979,42.5301399230957,7.88708953857422,13-Dec-2024 14:46:25
782,10,0,2.00000067707151e-05,0.00012000001152046,294.328088717991,14.7167301177979,42.5301399230957,7.88708953857422,13-Dec-2024 14:46:26
782,10,0,2.00000067707151e-05,0.00012000001152046,294.328088717991,14.7167701721191,42.5225067138672,7.88708953857422,13-Dec-2024 14:46:26
782,10,0,1.00000033853576e-05,0.000129999971250072,294.282303873698,14.7167701721191,42.5301399230957,7.88708953857422,13-Dec-2024 14:46:26
782,10,0,1.00000033853576e-05,0.000129999971250072,294.282303873698,14.7167701721191,42.5225067138672,7.88708953857422,13-Dec-2024 14:46:26
782,10,0,1.00000033853576e-05,0.000129999971250072,294.320459323459,14.7167701721191,42.5225067138672,7.88708953857422,13-Dec-2024 14:46:26
782,10,0,1.00000033853576e-05,0.000129999971250072,294.328088717991,14.7167301177979,42.5225067138672,7.88708953857422,13-Dec-2024 14:46:26
782,10,0,1.00000033853576e-05,0.000129999971250072,294.320459323459,14.7167301177979,42.5225067138672,7.88708953857422,13-Dec-2024 14:46:26
782,10,0,1.00000033853576e-05,0.000129999971250072,294.328088717991,14.7167301177979,42.5225067138672,7.88708953857422,13-Dec-2024 14:46:27
782,10,0,1.00000033853576e-05,0.000129999971250072,294.328088717991,14.7167301177979,42.5225067138672,7.88708953857422,13-Dec-2024 14:46:27
782,10,0,1.00000033853576e-05,0.000129999971250072,294.328088717991,14.7166900634766,42.5301399230957,7.88674621582031,13-Dec-2024 14:46:27
782,11,0,1.00000033853576e-05,0.000129999971250072,294.328088717991,14.7166795730591,42.5301399230957,8.87963562011719,13-Dec-2024 14:46:52
782,11,0,1.00000033853576e-05,0.000129999971250072,294.320459323459,14.7166795730591,42.5225067138672,8.87929229736328,13-Dec-2024 14:46:52
782,11,0,1.00000033853576e-05,0.000129999971250072,294.328088717991,14.7167196273804,42.5301399230957,8.87929229736328,13-Dec-2024 14:46:52
782,11,0,2.00000067707151e-05,0.00012000001152046,294.320459323459,14.7167196273804,42.5301399230957,8.87929229736328,13-Dec-2024 14:46:52
782,11,0,2.00000067707151e-05,0.00012000001152046,294.328088717991,14.7167196273804,42.5225067138672,8.87929229736328,13-Dec-2024 14:46:52
782,11,0,2.00000067707151e-05,0.00012000001152046,294.328088717991,14.7167196273804,42.5301399230957,8.87929229736328,13-Dec-2024 14:46:52
782,11,0,2.00000067707151e-05,0.000129999971250072,294.328088717991,14.7167501449585,42.5301399230957,8.87929229736328,13-Dec-2024 14:46:52
782,11,0,2.00000067707151e-05,0.000129999971250072,294.328088717991,14.7167501449585,42.5301399230957,8.87929229736328,13-Dec-2024 14:46:53
782,11,0,2.00000067707151e-05,0.000129999971250072,294.328088717991,14.7167501449585,42.5225067138672,8.87894897460938,13-Dec-2024 14:46:53
782,11,0,2.00000067707151e-05,0.000129999971250072,294.320459323459,14.7167501449585,42.5225067138672,8.87929229736328,13-Dec-2024 14:46:53
782,11,0,1.00000033853576e-05,0.000129999971250072,294.328088717991,14.7166900634766,42.5225067138672,8.87894897460938,13-Dec-2024 14:46:53
782,11,0,1.00000033853576e-05,0.000129999971250072,294.320459323459,14.7166900634766,42.5301399230957,8.87894897460938,13-Dec-2024 14:46:53
782,11,0,1.00000033853576e-05,0.000129999971250072,294.328088717991,14.7166900634766,42.5301399230957,8.87894897460938,13-Dec-2024 14:46:53
782,11,0,1.00000033853576e-05,0.000129999971250072,294.335718112522,14.7166996002197,42.5301399230957,8.87894897460938,13-Dec-2024 14:46:53
782,11,0,1.00000033853576e-05,0.000129999971250072,294.328088717991,14.7166996002197,42.5225067138672,8.87894897460938,13-Dec-2024 14:46:53
782,11,0,1.00000033853576e-05,0.000129999971250072,294.320459323459,14.7166996002197,42.5225067138672,8.87894897460938,13-Dec-2024 14:46:54
782,11,0,1.00000033853576e-05,0.000129999971250072,294.328088717991,14.7166996002197,42.5225067138672,8.87894897460938,13-Dec-2024 14:46:54
782,11,0,1.00000033853576e-05,0.000129999971250072,294.328088717991,14.7166900634766,42.5225067138672,8.87894897460938,13-Dec-2024 14:46:54
782,11,0,1.00000033853576e-05,0.000129999971250072,294.320459323459,14.7166900634766,42.5225067138672,8.87894897460938,13-Dec-2024 14:46:54
782,11,0,1.00000033853576e-05,0.000129999971250072,294.320459323459,14.7166900634766,42.5301399230957,8.87894897460938,13-Dec-2024 14:46:54
782,11,0,1.00000033853576e-05,0.000129999971250072,294.320459323459,14.7166900634766,42.5301399230957,8.87860565185547,13-Dec-2024 14:46:54
782,11,0,1.00000033853576e-05,0.00012000001152046,294.328088717991,14.7166595458984,42.5225067138672,8.87860565185547,13-Dec-2024 14:46:54
782,11,0,1.00000033853576e-05,0.00012000001152046,294.328088717991,14.7166595458984,42.5225067138672,8.87860565185547,13-Dec-2024 14:46:55
782,11,0,1.00000033853576e-05,0.00012000001152046,294.328088717991,14.7166595458984,42.5225067138672,8.87860565185547,13-Dec-2024 14:46:55
782,11,0,1.00000033853576e-05,0.00012000001152046,294.320459323459,14.7166900634766,42.5225067138672,8.87860565185547,13-Dec-2024 14:46:55
782,11,0,2.00000067707151e-05,0.000129999971250072,294.328088717991,14.7166900634766,42.5225067138672,8.87860565185547,13-Dec-2024 14:46:55
782,11,0,2.00000067707151e-05,0.000129999971250072,294.320459323459,14.7166900634766,42.5225067138672,8.87860565185547,13-Dec-2024 14:46:55
782,11,0,2.00000067707151e-05,0.000129999971250072,294.320459323459,14.7166900634766,42.5301399230957,8.87860565185547,13-Dec-2024 14:46:55
782,11,0,2.00000067707151e-05,0.000129999971250072,294.305192057292,14.7166299819946,42.5301399230957,8.87826232910156,13-Dec-2024 14:46:55
782,11,0,2.00000067707151e-05,0.000129999971250072,294.320459323459,14.7166299819946,42.5225067138672,8.87860565185547,13-Dec-2024 14:46:56
782,11,0,2.00000067707151e-05,0.000129999971250072,294.328088717991,14.7166299819946,42.5225067138672,8.87826232910156,13-Dec-2024 14:46:56
782,11,0,2.00000067707151e-05,0.000129999971250072,294.320459323459,14.7166299819946,42.5225067138672,8.87826232910156,13-Dec-2024 14:46:56
782,11,0,2.00000067707151e-05,0.000129999971250072,294.320459323459,14.7166595458984,42.5225067138672,8.87826232910156,13-Dec-2024 14:46:56
782,11,0,2.00000067707151e-05,0.000129999971250072,294.320459323459,14.7166595458984,42.5225067138672,8.87826232910156,13-Dec-2024 14:46:56
782,11,0,2.00000067707151e-05,0.000129999971250072,294.328088717991,14.7166595458984,42.5225067138672,8.87826232910156,13-Dec-2024 14:46:56
782,11,0,2.00000067707151e-05,0.000129999971250072,294.328088717991,14.7166595458984,42.5301399230957,8.87826232910156,13-Dec-2024 14:46:56
782,11,0,1.00000033853576e-05,0.00012000001152046,294.274674479167,14.7166404724121,42.5225067138672,8.87826232910156,13-Dec-2024 14:46:56
782,12,0,1.00000033853576e-05,0.000129999971250072,294.320459323459,14.7164402008057,42.5225067138672,9.86188201904297,13-Dec-2024 14:47:21
782,12,0,1.00000033853576e-05,0.000129999971250072,294.328088717991,14.7164402008057,42.5301399230957,9.86188201904297,13-Dec-2024 14:47:21
782,12,0,1.00000033853576e-05,0.000129999971250072,294.320459323459,14.7164402008057,42.5301399230957,9.86188201904297,13-Dec-2024 14:47:21
782,12,0,1.00000033853576e-05,0.000129999971250072,294.328088717991,14.7164602279663,42.5225067138672,9.86153869628906,13-Dec-2024 14:47:22
782,12,0,2.00000067707151e-05,0.000129999971250072,294.320459323459,14.7164602279663,42.5301399230957,9.86153869628906,13-Dec-2024 14:47:22
782,12,0,2.00000067707151e-05,0.000129999971250072,294.328088717991,14.7164602279663,42.5301399230957,9.86153869628906,13-Dec-2024 14:47:22
782,12,0,2.00000067707151e-05,0.000129999971250072,294.328088717991,14.7164602279663,42.5225067138672,9.86153869628906,13-Dec-2024 14:47:22
782,12,0,1.00000033853576e-05,0.000129999971250072,294.328088717991,14.716480255127,42.5225067138672,9.86153869628906,13-Dec-2024 14:47:22
782,12,0,1.00000033853576e-05,0.000129999971250072,294.328088717991,14.716480255127,42.5225067138672,9.86153869628906,13-Dec-2024 14:47:22
782,12,0,1.00000033853576e-05,0.000129999971250072,294.328088717991,14.716480255127,42.5225067138672,9.86153869628906,13-Dec-2024 14:47:22
782,12,0,1.00000033853576e-05,0.000139999989187345,294.320459323459,14.716480255127,42.5225067138672,9.86119537353516,13-Dec-2024 14:47:23
782,12,0,1.00000033853576e-05,0.000139999989187345,294.328088717991,14.716480255127,42.5225067138672,9.86153869628906,13-Dec-2024 14:47:23
782,12,0,1.00000033853576e-05,0.000139999989187345,294.328088717991,14.716480255127,42.5301399230957,9.86153869628906,13-Dec-2024 14:47:23
782,12,0,1.00000033853576e-05,0.000139999989187345,294.328088717991,14.716480255127,42.5225067138672,9.86119537353516,13-Dec-2024 14:47:23
782,12,0,1.00000033853576e-05,0.000129999971250072,294.328088717991,14.7164402008057,42.5225067138672,9.86119537353516,13-Dec-2024 14:47:23
782,12,0,2.00000067707151e-05,0.000129999971250072,294.328088717991,14.7164402008057,42.5225067138672,9.86119537353516,13-Dec-2024 14:47:23
782,12,0,2.00000067707151e-05,0.000129999971250072,294.328088717991,14.7164402008057,42.5225067138672,9.86119537353516,13-Dec-2024 14:47:23
782,12,0,2.00000067707151e-05,0.000129999971250072,294.328088717991,14.7164402008057,42.5225067138672,9.86119537353516,13-Dec-2024 14:47:23
782,12,0,2.00000067707151e-05,0.000129999971250072,294.328088717991,14.7164497375488,42.5301399230957,9.86119537353516,13-Dec-2024 14:47:24
782,12,0,2.00000067707151e-05,0.000129999971250072,294.328088717991,14.7164497375488,42.5225067138672,9.86119537353516,13-Dec-2024 14:47:24
782,12,0,2.00000067707151e-05,0.000129999971250072,294.328088717991,14.7164497375488,42.5301399230957,9.86119537353516,13-Dec-2024 14:47:24
782,12,0,2.00000067707151e-05,0.000129999971250072,294.320459323459,14.7164497375488,42.5301399230957,9.86119537353516,13-Dec-2024 14:47:24
782,12,0,2.00000067707151e-05,0.000129999971250072,294.320459323459,14.7164602279663,42.5301399230957,9.86085205078125,13-Dec-2024 14:47:24
782,12,0,2.00000067707151e-05,0.000129999971250072,294.328088717991,14.7164602279663,42.5225067138672,9.86085205078125,13-Dec-2024 14:47:24
782,12,0,2.00000067707151e-05,0.000129999971250072,294.328088717991,14.7164602279663,42.5225067138672,9.86085205078125,13-Dec-2024 14:47:24
782,12,0,2.00000067707151e-05,0.000129999971250072,294.320459323459,14.7164602279663,42.5301399230957,9.86085205078125,13-Dec-2024 14:47:24
782,12,0,2.00000067707151e-05,0.000129999971250072,294.328088717991,14.7164402008057,42.5301399230957,9.86085205078125,13-Dec-2024 14:47:25
782,12,0,2.00000067707151e-05,0.000129999971250072,294.320459323459,14.7164402008057,42.5301399230957,9.86085205078125,13-Dec-2024 14:47:25
782,12,0,2.00000067707151e-05,0.000129999971250072,294.312821451823,14.7164402008057,42.5301399230957,9.86085205078125,13-Dec-2024 14:47:25
782,12,0,2.00000067707151e-05,0.000129999971250072,294.328088717991,14.7164402008057,42.5301399230957,9.86085205078125,13-Dec-2024 14:47:25
782,12,0,2.00000067707151e-05,0.000129999971250072,294.328088717991,14.7164001464844,42.5225067138672,9.86085205078125,13-Dec-2024 14:47:25
782,12,0,2.00000067707151e-05,0.000129999971250072,294.320459323459,14.7164001464844,42.5225067138672,9.86085205078125,13-Dec-2024 14:47:25
782,12,0,2.00000067707151e-05,0.000129999971250072,294.328088717991,14.7164001464844,42.5301399230957,9.86085205078125,13-Dec-2024 14:47:25
782,12,0,2.00000067707151e-05,0.000129999971250072,294.320459323459,14.7164497375488,42.5301399230957,9.86050872802734,13-Dec-2024 14:47:25
782,12,0,1.00000033853576e-05,0.000129999971250072,294.328088717991,14.7164497375488,42.5301399230957,9.86050872802734,13-Dec-2024 14:47:26
782,12,0,1.00000033853576e-05,0.000129999971250072,294.328088717991,14.7164497375488,42.5301399230957,9.86050872802734,13-Dec-2024 14:47:26
782,12,0,1.00000033853576e-05,0.000129999971250072,294.259415690104,14.7164497375488,42.5301399230957,9.86050872802734,13-Dec-2024 14:47:26
782,12,0,0,0.000129999971250072,294.328088717991,14.7164402008057,42.5225067138672,9.86050872802734,13-Dec-2024 14:47:26
782,13,0,1.00000033853576e-05,0.000129999971250072,294.320459323459,14.7163600921631,42.5225067138672,10.8345153808594,13-Dec-2024 14:47:51
782,13,0,1.00000033853576e-05,0.000129999971250072,294.320459323459,14.7163600921631,42.5301399230957,10.8345153808594,13-Dec-2024 14:47:51
782,13,0,2.00000067707151e-05,0.000129999971250072,294.328088717991,14.7163200378418,42.5301399230957,10.8345153808594,13-Dec-2024 14:47:51
782,13,0,2.00000067707151e-05,0.000129999971250072,294.328088717991,14.7163200378418,42.5301399230957,10.8345153808594,13-Dec-2024 14:47:51
782,13,0,2.00000067707151e-05,0.000129999971250072,294.328088717991,14.7163200378418,42.5225067138672,10.8345153808594,13-Dec-2024 14:47:51
782,13,0,2.00000067707151e-05,0.000129999971250072,294.328088717991,14.7163200378418,42.5225067138672,10.8341720581055,13-Dec-2024 14:47:52
782,13,0,1.00000033853576e-05,0.00012000001152046,294.328088717991,14.7162599563599,42.5225067138672,10.8341720581055,13-Dec-2024 14:47:52
782,13,0,1.00000033853576e-05,0.00012000001152046,294.328088717991,14.7162599563599,42.5225067138672,10.8341720581055,13-Dec-2024 14:47:52
782,13,0,1.00000033853576e-05,0.00012000001152046,294.320459323459,14.7162599563599,42.5225067138672,10.8341720581055,13-Dec-2024 14:47:52
782,13,0,2.00000067707151e-05,0.00012000001152046,294.328088717991,14.7162704467773,42.5301399230957,10.8341720581055,13-Dec-2024 14:47:52
782,13,0,2.00000067707151e-05,0.00012000001152046,294.335718112522,14.7162704467773,42.5225067138672,10.8341720581055,13-Dec-2024 14:47:52
782,13,0,2.00000067707151e-05,0.00012000001152046,294.320459323459,14.7162704467773,42.5225067138672,10.8341720581055,13-Dec-2024 14:47:53
782,13,0,2.00000067707151e-05,0.00012000001152046,294.320459323459,14.7163095474243,42.5225067138672,10.8338287353516,13-Dec-2024 14:47:53
782,13,0,2.00000067707151e-05,0.00012000001152046,294.328088717991,14.7163095474243,42.5225067138672,10.8338287353516,13-Dec-2024 14:47:53
782,13,0,2.00000067707151e-05,0.00012000001152046,294.328088717991,14.7163095474243,42.5225067138672,10.8338287353516,13-Dec-2024 14:47:53
782,13,0,2.00000067707151e-05,0.00012000001152046,294.328088717991,14.7163095474243,42.5301399230957,10.8338287353516,13-Dec-2024 14:47:53
782,13,0,2.00000067707151e-05,0.000129999971250072,294.328088717991,14.7163000106812,42.5301399230957,10.8338287353516,13-Dec-2024 14:47:53
782,13,0,2.00000067707151e-05,0.000129999971250072,294.328088717991,14.7163000106812,42.5301399230957,10.8338287353516,13-Dec-2024 14:47:53
782,13,0,2.00000067707151e-05,0.000129999971250072,294.328088717991,14.7163000106812,42.5301399230957,10.8338287353516,13-Dec-2024 14:47:54
782,13,0,2.00000067707151e-05,0.00012000001152046,294.328088717991,14.7163095474243,42.5301399230957,10.8338287353516,13-Dec-2024 14:47:54
782,13,0,1.00000033853576e-05,0.00012000001152046,294.320459323459,14.7163095474243,42.5301399230957,10.8338287353516,13-Dec-2024 14:47:54
782,13,0,1.00000033853576e-05,0.00012000001152046,294.328088717991,14.7163095474243,42.5225067138672,10.8334854125977,13-Dec-2024 14:47:54
782,13,0,1.00000033853576e-05,0.00012000001152046,294.320459323459,14.716290473938,42.5301399230957,10.8334854125977,13-Dec-2024 14:47:54
782,13,0,1.00000033853576e-05,0.00012000001152046,294.328088717991,14.716290473938,42.5301399230957,10.8334854125977,13-Dec-2024 14:47:54
782,13,0,1.00000033853576e-05,0.00012000001152046,294.328088717991,14.716290473938,42.5225067138672,10.8334854125977,13-Dec-2024 14:47:54
782,13,0,1.00000033853576e-05,0.00012000001152046,294.328088717991,14.7162704467773,42.5225067138672,10.8334854125977,13-Dec-2024 14:47:55
782,13,0,1.00000033853576e-05,0.000129999971250072,294.328088717991,14.7162704467773,42.5301399230957,10.8334854125977,13-Dec-2024 14:47:55
782,13,0,1.00000033853576e-05,0.000129999971250072,294.320459323459,14.7162704467773,42.5225067138672,10.8334854125977,13-Dec-2024 14:47:55
782,13,0,1.00000033853576e-05,0.000129999971250072,294.328088717991,14.7162704467773,42.5225067138672,10.8334854125977,13-Dec-2024 14:47:55
782,13,0,1.00000033853576e-05,0.000129999971250072,294.328088717991,14.716290473938,42.5301399230957,10.8334854125977,13-Dec-2024 14:47:55
782,13,0,1.00000033853576e-05,0.000129999971250072,294.328088717991,14.716290473938,42.5301399230957,10.8331420898438,13-Dec-2024 14:47:55
782,13,0,1.00000033853576e-05,0.000129999971250072,294.328088717991,14.716290473938,42.5225067138672,10.8331420898438,13-Dec-2024 14:47:56
782,13,0,1.00000033853576e-05,0.00012000001152046,294.328088717991,14.716329574585,42.5225067138672,10.8331420898438,13-Dec-2024 14:47:56
782,13,0,1.00000033853576e-05,0.00012000001152046,294.328088717991,14.716329574585,42.5225067138672,10.8331420898438,13-Dec-2024 14:47:56
782,14,0,1.00000033853576e-05,0.00012000001152046,294.320459323459,14.7161798477173,42.5225067138672,11.828434753418,13-Dec-2024 14:48:21
782,14,0,1.00000033853576e-05,0.00012000001152046,294.328088717991,14.7161798477173,42.5301399230957,11.828434753418,13-Dec-2024 14:48:21
782,14,0,1.00000033853576e-05,0.00012000001152046,294.328088717991,14.7161798477173,42.5301399230957,11.828434753418,13-Dec-2024 14:48:21
782,14,0,1.00000033853576e-05,0.000129999971250072,294.328088717991,14.7161998748779,42.5225067138672,11.828434753418,13-Dec-2024 14:48:21
782,14,0,1.00000033853576e-05,0.000129999971250072,294.320459323459,14.7161998748779,42.5301399230957,11.828434753418,13-Dec-2024 14:48:21
782,14,0,1.00000033853576e-05,0.000129999971250072,294.328088717991,14.7161998748779,42.5225067138672,11.828434753418,13-Dec-2024 14:48:22
782,14,0,1.00000033853576e-05,0.000129999971250072,294.335718112522,14.7161998748779,42.5301399230957,11.8280914306641,13-Dec-2024 14:48:22
782,14,0,1.00000033853576e-05,0.000129999971250072,294.328088717991,14.7161798477173,42.5225067138672,11.8280914306641,13-Dec-2024 14:48:22
782,14,0,1.00000033853576e-05,0.000129999971250072,294.320459323459,14.7161798477173,42.5225067138672,11.8280914306641,13-Dec-2024 14:48:22
782,14,0,1.00000033853576e-05,0.000129999971250072,294.320459323459,14.7161798477173,42.5301399230957,11.8280914306641,13-Dec-2024 14:48:22
782,14,0,1.00000033853576e-05,0.000129999971250072,294.328088717991,14.7161598205566,42.5301399230957,11.8280914306641,13-Dec-2024 14:48:22
782,14,0,2.00000067707151e-05,0.00012000001152046,294.328088717991,14.7161598205566,42.5225067138672,11.8280914306641,13-Dec-2024 14:48:22
782,14,0,2.00000067707151e-05,0.00012000001152046,294.328088717991,14.7161598205566,42.5301399230957,11.8280914306641,13-Dec-2024 14:48:23
782,14,0,2.00000067707151e-05,0.00012000001152046,294.328088717991,14.7161598205566,42.5301399230957,11.8280914306641,13-Dec-2024 14:48:23
782,14,0,2.00000067707151e-05,0.00012000001152046,294.328088717991,14.7162303924561,42.5301399230957,11.8280914306641,13-Dec-2024 14:48:23
782,14,0,1.00000033853576e-05,0.000129999971250072,294.328088717991,14.7162303924561,42.5225067138672,11.8277481079102,13-Dec-2024 14:48:23
782,14,0,1.00000033853576e-05,0.000129999971250072,294.328088717991,14.7162303924561,42.5225067138672,11.8277481079102,13-Dec-2024 14:48:23
782,14,0,1.00000033853576e-05,0.000129999971250072,294.328088717991,14.7162303924561,42.5301399230957,11.8277481079102,13-Dec-2024 14:48:23
782,14,0,2.00000067707151e-05,0.00012000001152046,294.320459323459,14.7161598205566,42.5301399230957,11.8277481079102,13-Dec-2024 14:48:23
782,14,0,2.00000067707151e-05,0.00012000001152046,294.320459323459,14.7161598205566,42.5301399230957,11.8277481079102,13-Dec-2024 14:48:23
782,14,0,2.00000067707151e-05,0.00012000001152046,294.320459323459,14.7161598205566,42.5301399230957,11.8277481079102,13-Dec-2024 14:48:24
782,14,0,2.00000067707151e-05,0.00012000001152046,294.328088717991,14.7161703109741,42.5301399230957,11.8277481079102,13-Dec-2024 14:48:24
782,14,0,2.00000067707151e-05,0.00012000001152046,294.328088717991,14.7161703109741,42.5225067138672,11.8277481079102,13-Dec-2024 14:48:24
782,14,0,2.00000067707151e-05,0.00012000001152046,294.328088717991,14.7161703109741,42.5225067138672,11.8277481079102,13-Dec-2024 14:48:24
782,14,0,2.00000067707151e-05,0.00012000001152046,294.320459323459,14.7161703109741,42.5301399230957,11.8277481079102,13-Dec-2024 14:48:24
782,14,0,2.00000067707151e-05,0.00012000001152046,294.320459323459,14.7161703109741,42.5301399230957,11.8277481079102,13-Dec-2024 14:48:24
782,14,0,2.00000067707151e-05,0.00012000001152046,294.328088717991,14.7161703109741,42.5301399230957,11.8274047851563,13-Dec-2024 14:48:24
782,14,0,2.00000067707151e-05,0.00012000001152046,294.328088717991,14.7161703109741,42.5301399230957,11.8277481079102,13-Dec-2024 14:48:25
782,14,0,2.00000067707151e-05,0.00012000001152046,294.259415690104,14.7161703109741,42.5301399230957,11.8274047851563,13-Dec-2024 14:48:25
782,14,0,2.00000067707151e-05,0.000129999971250072,294.328088717991,14.7161598205566,42.5301399230957,11.8274047851563,13-Dec-2024 14:48:25
782,14,0,2.00000067707151e-05,0.000129999971250072,294.320459323459,14.7161598205566,42.5301399230957,11.8274047851563,13-Dec-2024 14:48:25
782,14,0,2.00000067707151e-05,0.000129999971250072,294.328088717991,14.7161598205566,42.5301399230957,11.8274047851563,13-Dec-2024 14:48:25
782,14,0,2.00000067707151e-05,0.000129999971250072,294.320459323459,14.7161598205566,42.5225067138672,11.8274047851563,13-Dec-2024 14:48:25
782,14,0,2.00000067707151e-05,0.000129999971250072,294.328088717991,14.7161598205566,42.5301399230957,11.8274047851563,13-Dec-2024 14:48:26
782,14,0,2.00000067707151e-05,0.000129999971250072,294.320459323459,14.7161598205566,42.5301399230957,11.8274047851563,13-Dec-2024 14:48:26
782,15,0,1.00000033853576e-05,0.00012000001152046,294.328088717991,14.7159404754639,42.5301399230957,11.0113265991211,13-Dec-2024 14:48:50
782,15,0,1.00000033853576e-05,0.000129999971250072,294.328088717991,14.7159299850464,42.5301399230957,11.0113265991211,13-Dec-2024 14:48:50
782,15,0,1.00000033853576e-05,0.000129999971250072,294.328088717991,14.7159299850464,42.5301399230957,11.0113265991211,13-Dec-2024 14:48:50
782,15,0,1.00000033853576e-05,0.000129999971250072,294.320459323459,14.7159299850464,42.5225067138672,11.0113265991211,13-Dec-2024 14:48:50
782,15,0,1.00000033853576e-05,0.000129999971250072,294.320459323459,14.7159299850464,42.5301399230957,11.0113265991211,13-Dec-2024 14:48:51
782,15,0,1.00000033853576e-05,0.000129999971250072,294.328088717991,14.7159299850464,42.5301399230957,11.0113265991211,13-Dec-2024 14:48:51
782,15,0,1.00000033853576e-05,0.000129999971250072,294.320459323459,14.7159299850464,42.5225067138672,11.0113265991211,13-Dec-2024 14:48:51
782,15,0,1.00000033853576e-05,0.000129999971250072,294.328088717991,14.7159404754639,42.5301399230957,11.0113265991211,13-Dec-2024 14:48:51
782,15,0,2.00000067707151e-05,0.000129999971250072,294.328088717991,14.7159404754639,42.5301399230957,11.0113265991211,13-Dec-2024 14:48:51
782,15,0,2.00000067707151e-05,0.000129999971250072,294.335718112522,14.7159404754639,42.5301399230957,11.0113265991211,13-Dec-2024 14:48:51
782,15,0,2.00000067707151e-05,0.000129999971250072,294.328088717991,14.7159299850464,42.5225067138672,11.0113265991211,13-Dec-2024 14:48:51
782,15,0,0,0.000129999971250072,294.320459323459,14.7159299850464,42.5301399230957,11.0113265991211,13-Dec-2024 14:48:52
782,15,0,0,0.000129999971250072,294.320459323459,14.7159299850464,42.5225067138672,11.0113265991211,13-Dec-2024 14:48:52
782,15,0,0,0.000129999971250072,294.328088717991,14.7159099578857,42.5225067138672,11.0113265991211,13-Dec-2024 14:48:52
782,15,0,1.00000033853576e-05,0.000129999971250072,294.328088717991,14.7159099578857,42.5301399230957,11.0113265991211,13-Dec-2024 14:48:52
782,15,0,1.00000033853576e-05,0.000129999971250072,294.328088717991,14.7159595489502,42.5301399230957,11.0113265991211,13-Dec-2024 14:48:52
782,15,0,1.00000033853576e-05,0.000129999971250072,294.328088717991,14.7159595489502,42.5225067138672,11.0113265991211,13-Dec-2024 14:48:53
782,15,0,1.00000033853576e-05,0.000129999971250072,294.320459323459,14.7159595489502,42.5225067138672,11.0113265991211,13-Dec-2024 14:48:53
782,15,0,1.00000033853576e-05,0.000129999971250072,294.328088717991,14.7159595489502,42.5301399230957,11.0113265991211,13-Dec-2024 14:48:53
782,15,0,1.00000033853576e-05,0.000129999971250072,294.328088717991,14.7159595489502,42.5301399230957,11.0113265991211,13-Dec-2024 14:48:53
782,15,0,1.00000033853576e-05,0.000129999971250072,294.320459323459,14.7159595489502,42.5301399230957,11.0113265991211,13-Dec-2024 14:48:53
782,15,0,1.00000033853576e-05,0.000129999971250072,294.328088717991,14.7159595489502,42.5301399230957,11.0113265991211,13-Dec-2024 14:48:53
782,15,0,1.00000033853576e-05,0.000129999971250072,294.328088717991,14.7159595489502,42.5225067138672,11.0113265991211,13-Dec-2024 14:48:53
782,15,0,1.00000033853576e-05,0.000129999971250072,294.328088717991,14.716010093689,42.5301399230957,11.0113265991211,13-Dec-2024 14:48:54
782,15,0,1.00000033853576e-05,0.000129999971250072,294.328088717991,14.716010093689,42.5225067138672,11.0113265991211,13-Dec-2024 14:48:54
782,15,0,1.00000033853576e-05,0.000129999971250072,294.328088717991,14.716010093689,42.5225067138672,11.0113265991211,13-Dec-2024 14:48:54
782,15,0,2.00000067707151e-05,0.000129999971250072,294.328088717991,14.7159404754639,42.5225067138672,11.0113265991211,13-Dec-2024 14:48:54
782,15,0,2.00000067707151e-05,0.000129999971250072,294.320459323459,14.7159404754639,42.5301399230957,11.0113265991211,13-Dec-2024 14:48:54
782,15,0,2.00000067707151e-05,0.000129999971250072,294.328088717991,14.7159404754639,42.5225067138672,11.0113265991211,13-Dec-2024 14:48:54
782,15,0,2.00000067707151e-05,0.000129999971250072,294.328088717991,14.7159099578857,42.5225067138672,11.0113265991211,13-Dec-2024 14:48:54
782,15,0,1.00000033853576e-05,0.000129999971250072,294.328088717991,14.7159099578857,42.5225067138672,11.0113265991211,13-Dec-2024 14:48:55
782,15,0,1.00000033853576e-05,0.000129999971250072,294.328088717991,14.7159099578857,42.5225067138672,11.0113265991211,13-Dec-2024 14:48:55
782,15,0,1.00000033853576e-05,0.000129999971250072,294.320459323459,14.7159099578857,42.5301399230957,11.0113265991211,13-Dec-2024 14:48:55
782,16,0,2.00000067707151e-05,0.00012000001152046,294.328088717991,14.7158803939819,42.5225067138672,10.0177505493164,13-Dec-2024 14:49:19
782,16,0,2.00000067707151e-05,0.00012000001152046,294.328088717991,14.7158803939819,42.5301399230957,10.0177505493164,13-Dec-2024 14:49:19
782,16,0,2.00000067707151e-05,0.00012000001152046,294.328088717991,14.7158603668213,42.5301399230957,10.0177505493164,13-Dec-2024 14:49:20
782,16,0,2.00000067707151e-05,0.00012000001152046,294.328088717991,14.7158603668213,42.5225067138672,10.0177505493164,13-Dec-2024 14:49:20
782,16,0,2.00000067707151e-05,0.00012000001152046,294.328088717991,14.7158603668213,42.5225067138672,10.0180938720703,13-Dec-2024 14:49:20
782,16,0,2.00000067707151e-05,0.00012000001152046,294.328088717991,14.7158699035645,42.5225067138672,10.0180938720703,13-Dec-2024 14:49:20
782,16,0,2.00000067707151e-05,0.00012000001152046,294.328088717991,14.7158699035645,42.5225067138672,10.0180938720703,13-Dec-2024 14:49:20
782,16,0,1.00000033853576e-05,0.000129999971250072,294.328088717991,14.7158699035645,42.5225067138672,10.0177505493164,13-Dec-2024 14:49:21
782,16,0,1.00000033853576e-05,0.000129999971250072,294.328088717991,14.7158699035645,42.5225067138672,10.0180938720703,13-Dec-2024 14:49:21
782,16,0,1.00000033853576e-05,0.000129999971250072,294.320459323459,14.7158699035645,42.5225067138672,10.0180938720703,13-Dec-2024 14:49:21
782,16,0,1.00000033853576e-05,0.000129999971250072,294.320459323459,14.7157897949219,42.5301399230957,10.0180938720703,13-Dec-2024 14:49:21
782,16,0,1.00000033853576e-05,0.000129999971250072,294.328088717991,14.7157897949219,42.5225067138672,10.0180938720703,13-Dec-2024 14:49:21
782,16,0,1.00000033853576e-05,0.000129999971250072,294.328088717991,14.7158603668213,42.5225067138672,10.0180938720703,13-Dec-2024 14:49:22
782,16,0,1.00000033853576e-05,0.000129999971250072,294.328088717991,14.7158603668213,42.5301399230957,10.0180938720703,13-Dec-2024 14:49:22
782,16,0,1.00000033853576e-05,0.000129999971250072,294.320459323459,14.7158603668213,42.5225067138672,10.0180938720703,13-Dec-2024 14:49:22
782,16,0,1.00000033853576e-05,0.000129999971250072,294.328088717991,14.7158603668213,42.5225067138672,10.0180938720703,13-Dec-2024 14:49:22
782,16,0,1.00000033853576e-05,0.00012000001152046,294.328088717991,14.7158403396606,42.5225067138672,10.0180938720703,13-Dec-2024 14:49:22
782,16,0,1.00000033853576e-05,0.00012000001152046,294.328088717991,14.7158403396606,42.5301399230957,10.0180938720703,13-Dec-2024 14:49:22
782,16,0,2.00000067707151e-05,0.000129999971250072,294.320459323459,14.7158603668213,42.5301399230957,10.0180938720703,13-Dec-2024 14:49:23
782,16,0,2.00000067707151e-05,0.000129999971250072,294.328088717991,14.7158603668213,42.5225067138672,10.0180938720703,13-Dec-2024 14:49:23
782,16,0,2.00000067707151e-05,0.000129999971250072,294.320459323459,14.7158603668213,42.5225067138672,10.0180938720703,13-Dec-2024 14:49:23
782,16,0,2.00000067707151e-05,0.000129999971250072,294.328088717991,14.7158498764038,42.5301399230957,10.0180938720703,13-Dec-2024 14:49:23
782,16,0,1.00000033853576e-05,0.000129999971250072,294.328088717991,14.7158498764038,42.5225067138672,10.0180938720703,13-Dec-2024 14:49:23
782,16,0,1.00000033853576e-05,0.000129999971250072,294.320459323459,14.7158498764038,42.5301399230957,10.0180938720703,13-Dec-2024 14:49:23
782,16,0,1.00000033853576e-05,0.00012000001152046,294.328088717991,14.7158203125,42.5301399230957,10.0180938720703,13-Dec-2024 14:49:24
782,16,0,2.00000067707151e-05,0.00012000001152046,294.328088717991,14.7158203125,42.5225067138672,10.0180938720703,13-Dec-2024 14:49:24
782,16,0,2.00000067707151e-05,0.00012000001152046,294.320459323459,14.7158203125,42.5225067138672,10.0180938720703,13-Dec-2024 14:49:24
782,17,0,2.00000067707151e-05,0.000129999971250072,294.320459323459,14.7158203125,42.5301399230957,9.02211456298828,13-Dec-2024 14:49:48
782,17,0,2.00000067707151e-05,0.000129999971250072,294.328088717991,14.7158203125,42.5225067138672,9.02211456298828,13-Dec-2024 14:49:49
782,17,0,1.00000033853576e-05,0.000129999971250072,294.320459323459,14.7157802581787,42.5301399230957,9.02211456298828,13-Dec-2024 14:49:49
782,17,0,1.00000033853576e-05,0.000129999971250072,294.320459323459,14.7157802581787,42.5301399230957,9.02211456298828,13-Dec-2024 14:49:49
782,17,0,1.00000033853576e-05,0.000129999971250072,294.29756266276,14.7157802581787,42.5301399230957,9.02211456298828,13-Dec-2024 14:49:49
782,17,0,1.00000033853576e-05,0.000129999971250072,294.328088717991,14.7157802581787,42.5301399230957,9.02211456298828,13-Dec-2024 14:49:49
782,17,0,1.00000033853576e-05,0.000129999971250072,294.328088717991,14.7157802581787,42.5225067138672,9.02211456298828,13-Dec-2024 14:49:49
782,17,0,1.00000033853576e-05,0.000129999971250072,294.328088717991,14.7157802581787,42.5301399230957,9.02211456298828,13-Dec-2024 14:49:50
782,17,0,1.00000033853576e-05,0.000129999971250072,294.328088717991,14.7157802581787,42.5301399230957,9.02211456298828,13-Dec-2024 14:49:50
782,17,0,1.00000033853576e-05,0.000129999971250072,294.320459323459,14.7157802581787,42.5301399230957,9.02211456298828,13-Dec-2024 14:49:50
782,17,0,1.00000033853576e-05,0.000129999971250072,294.328088717991,14.7157802581787,42.5301399230957,9.02211456298828,13-Dec-2024 14:49:50
782,17,0,2.00000067707151e-05,0.000129999971250072,294.320459323459,14.7158002853394,42.5225067138672,9.02211456298828,13-Dec-2024 14:49:50
782,17,0,2.00000067707151e-05,0.000129999971250072,294.328088717991,14.7158002853394,42.5225067138672,9.02211456298828,13-Dec-2024 14:49:50
782,17,0,2.00000067707151e-05,0.000129999971250072,294.320459323459,14.7158002853394,42.5301399230957,9.02211456298828,13-Dec-2024 14:49:51
782,17,0,1.00000033853576e-05,0.000129999971250072,294.320459323459,14.7157897949219,42.5301399230957,9.02211456298828,13-Dec-2024 14:49:51
782,17,0,1.00000033853576e-05,0.000129999971250072,294.328088717991,14.7157897949219,42.5225067138672,9.02211456298828,13-Dec-2024 14:49:51
782,17,0,1.00000033853576e-05,0.000129999971250072,294.328088717991,14.7158002853394,42.5225067138672,9.02211456298828,13-Dec-2024 14:49:51
782,17,0,1.00000033853576e-05,0.000129999971250072,294.320459323459,14.7158002853394,42.5225067138672,9.02245788574219,13-Dec-2024 14:49:51
782,17,0,1.00000033853576e-05,0.000129999971250072,294.328088717991,14.7158098220825,42.5225067138672,9.02245788574219,13-Dec-2024 14:49:52
782,17,0,1.00000033853576e-05,0.000129999971250072,294.320459323459,14.7158098220825,42.5301399230957,9.02245788574219,13-Dec-2024 14:49:52
782,17,0,1.00000033853576e-05,0.000129999971250072,294.320459323459,14.7158098220825,42.5301399230957,9.02245788574219,13-Dec-2024 14:49:52
782,17,0,1.00000033853576e-05,0.000129999971250072,294.328088717991,14.7158203125,42.5301399230957,9.02245788574219,13-Dec-2024 14:49:52
782,17,0,2.00000067707151e-05,0.000129999971250072,294.320459323459,14.7158203125,42.5301399230957,9.02245788574219,13-Dec-2024 14:49:52
782,17,0,2.00000067707151e-05,0.000129999971250072,294.320459323459,14.7158203125,42.5301399230957,9.02245788574219,13-Dec-2024 14:49:53
782,17,0,1.00000033853576e-05,0.000129999971250072,294.328088717991,14.7158203125,42.5301399230957,9.02245788574219,13-Dec-2024 14:49:53
782,17,0,1.00000033853576e-05,0.000129999971250072,294.328088717991,14.7158203125,42.5225067138672,9.02245788574219,13-Dec-2024 14:49:53
782,17,0,1.00000033853576e-05,0.000129999971250072,294.259415690104,14.7158203125,42.5301399230957,9.02245788574219,13-Dec-2024 14:49:53
782,17,0,1.00000033853576e-05,0.000129999971250072,294.328088717991,14.7158603668213,42.5225067138672,9.02245788574219,13-Dec-2024 14:49:53
782,18,0,2.00000067707151e-05,0.000129999971250072,294.328088717991,14.7158899307251,42.5225067138672,8.02098541259766,13-Dec-2024 14:50:18
782,18,0,2.00000067707151e-05,0.000129999971250072,294.328088717991,14.7158899307251,42.5301399230957,8.02098541259766,13-Dec-2024 14:50:18
782,18,0,2.00000067707151e-05,0.000129999971250072,294.328088717991,14.7158899307251,42.5225067138672,8.02098541259766,13-Dec-2024 14:50:18
782,18,0,2.00000067707151e-05,0.000129999971250072,294.328088717991,14.7158899307251,42.5301399230957,8.02098541259766,13-Dec-2024 14:50:18
782,18,0,1.00000033853576e-05,0.000129999971250072,294.328088717991,14.7158899307251,42.5301399230957,8.02098541259766,13-Dec-2024 14:50:18
782,18,0,1.00000033853576e-05,0.000129999971250072,294.328088717991,14.7158899307251,42.5301399230957,8.02098541259766,13-Dec-2024 14:50:19
782,18,0,1.00000033853576e-05,0.000129999971250072,294.328088717991,14.7159004211426,42.5225067138672,8.02098541259766,13-Dec-2024 14:50:19
782,18,0,1.00000033853576e-05,0.000129999971250072,294.320459323459,14.7159004211426,42.5225067138672,8.02098541259766,13-Dec-2024 14:50:19
782,18,0,1.00000033853576e-05,0.000129999971250072,294.328088717991,14.7159004211426,42.5225067138672,8.02098541259766,13-Dec-2024 14:50:19
782,18,0,1.00000033853576e-05,0.000129999971250072,294.328088717991,14.7159204483032,42.5301399230957,8.02098541259766,13-Dec-2024 14:50:19
782,18,0,1.00000033853576e-05,0.000129999971250072,294.335718112522,14.7159204483032,42.5301399230957,8.02098541259766,13-Dec-2024 14:50:20
782,18,0,1.00000033853576e-05,0.000129999971250072,294.328088717991,14.7159204483032,42.5225067138672,8.02132873535156,13-Dec-2024 14:50:20
782,18,0,1.00000033853576e-05,0.000129999971250072,294.328088717991,14.7158699035645,42.5301399230957,8.02132873535156,13-Dec-2024 14:50:20
782,18,0,1.00000033853576e-05,0.000129999971250072,294.320459323459,14.7158699035645,42.5301399230957,8.02132873535156,13-Dec-2024 14:50:20
782,18,0,1.00000033853576e-05,0.000129999971250072,294.320459323459,14.7159004211426,42.5301399230957,8.02132873535156,13-Dec-2024 14:50:20
782,18,0,1.00000033853576e-05,0.00012000001152046,294.328088717991,14.7159004211426,42.5301399230957,8.02132873535156,13-Dec-2024 14:50:20
782,18,0,1.00000033853576e-05,0.00012000001152046,294.335718112522,14.7159004211426,42.5301399230957,8.02132873535156,13-Dec-2024 14:50:21
782,18,0,1.00000033853576e-05,0.00012000001152046,294.328088717991,14.7159004211426,42.5225067138672,8.02132873535156,13-Dec-2024 14:50:21
782,18,0,1.00000033853576e-05,0.000129999971250072,294.328088717991,14.7158403396606,42.5225067138672,8.02132873535156,13-Dec-2024 14:50:21
782,18,0,1.00000033853576e-05,0.000129999971250072,294.328088717991,14.7158403396606,42.5225067138672,8.02132873535156,13-Dec-2024 14:50:21
782,18,0,1.00000033853576e-05,0.000129999971250072,294.328088717991,14.7158403396606,42.5301399230957,8.02132873535156,13-Dec-2024 14:50:21
782,18,0,1.00000033853576e-05,0.00012000001152046,294.320459323459,14.7158298492432,42.5301399230957,8.02132873535156,13-Dec-2024 14:50:21
782,18,0,1.00000033853576e-05,0.00012000001152046,294.320459323459,14.7158298492432,42.5301399230957,8.02132873535156,13-Dec-2024 14:50:22
782,18,0,1.00000033853576e-05,0.00012000001152046,294.328088717991,14.7158298492432,42.5301399230957,8.02132873535156,13-Dec-2024 14:50:22
782,18,0,1.00000033853576e-05,0.000129999971250072,294.328088717991,14.7159099578857,42.5301399230957,8.02132873535156,13-Dec-2024 14:50:22
782,18,0,1.00000033853576e-05,0.000129999971250072,294.320459323459,14.7159099578857,42.5225067138672,8.02132873535156,13-Dec-2024 14:50:22
782,18,0,1.00000033853576e-05,0.000129999971250072,294.328088717991,14.7159099578857,42.5225067138672,8.02132873535156,13-Dec-2024 14:50:22
782,18,0,1.00000033853576e-05,0.00012000001152046,294.328088717991,14.7158803939819,42.5225067138672,8.02132873535156,13-Dec-2024 14:50:22
782,18,0,1.00000033853576e-05,0.00012000001152046,294.274674479167,14.7158803939819,42.5301399230957,8.02132873535156,13-Dec-2024 14:50:23
782,18,0,1.00000033853576e-05,0.00012000001152046,294.328088717991,14.7158803939819,42.5301399230957,8.02132873535156,13-Dec-2024 14:50:23
782,19,0,1.00000033853576e-05,0.000129999971250072,294.328088717991,14.7157897949219,42.5225067138672,7.01985626220703,13-Dec-2024 14:50:47
782,19,0,1.00000033853576e-05,0.000129999971250072,294.328088717991,14.7157897949219,42.5225067138672,7.02019958496094,13-Dec-2024 14:50:47
782,19,0,1.00000033853576e-05,0.000129999971250072,294.328088717991,14.7158002853394,42.5225067138672,7.02019958496094,13-Dec-2024 14:50:47
782,19,0,1.00000033853576e-05,0.000139999989187345,294.328088717991,14.7158002853394,42.5225067138672,7.02019958496094,13-Dec-2024 14:50:48
782,19,0,1.00000033853576e-05,0.000139999989187345,294.328088717991,14.7158002853394,42.5301399230957,7.02019958496094,13-Dec-2024 14:50:48
782,19,0,1.00000033853576e-05,0.000139999989187345,294.328088717991,14.7158002853394,42.5301399230957,7.02019958496094,13-Dec-2024 14:50:48
782,19,0,1.00000033853576e-05,0.000129999971250072,294.282303873698,14.7158203125,42.5301399230957,7.02019958496094,13-Dec-2024 14:50:48
782,19,0,1.00000033853576e-05,0.000129999971250072,294.328088717991,14.7158203125,42.5225067138672,7.02019958496094,13-Dec-2024 14:50:48
782,19,0,1.00000033853576e-05,0.000129999971250072,294.328088717991,14.7158203125,42.5225067138672,7.02019958496094,13-Dec-2024 14:50:48
782,19,0,1.00000033853576e-05,0.000129999971250072,294.320459323459,14.7158203125,42.5225067138672,7.02019958496094,13-Dec-2024 14:50:48
782,19,0,1.00000033853576e-05,0.000129999971250072,294.328088717991,14.7158498764038,42.5301399230957,7.02019958496094,13-Dec-2024 14:50:49
782,19,0,1.00000033853576e-05,0.000129999971250072,294.320459323459,14.7158498764038,42.5225067138672,7.02019958496094,13-Dec-2024 14:50:49
782,19,0,1.00000033853576e-05,0.000129999971250072,294.320459323459,14.7158498764038,42.5301399230957,7.02019958496094,13-Dec-2024 14:50:49
782,19,0,2.00000067707151e-05,0.000129999971250072,294.335718112522,14.7158498764038,42.5301399230957,7.02019958496094,13-Dec-2024 14:50:49
782,19,0,2.00000067707151e-05,0.000129999971250072,294.328088717991,14.7158498764038,42.5225067138672,7.02019958496094,13-Dec-2024 14:50:49
782,19,0,2.00000067707151e-05,0.000129999971250072,294.328088717991,14.7158498764038,42.5225067138672,7.02019958496094,13-Dec-2024 14:50:49
782,19,0,2.00000067707151e-05,0.000129999971250072,294.320459323459,14.7158203125,42.5301399230957,7.02019958496094,13-Dec-2024 14:50:49
782,19,0,2.00000067707151e-05,0.000129999971250072,294.328088717991,14.7158203125,42.5301399230957,7.02019958496094,13-Dec-2024 14:50:50
782,19,0,2.00000067707151e-05,0.000129999971250072,294.328088717991,14.7158203125,42.5225067138672,7.02019958496094,13-Dec-2024 14:50:50
782,19,0,2.00000067707151e-05,0.000129999971250072,294.328088717991,14.7157897949219,42.5225067138672,7.02019958496094,13-Dec-2024 14:50:50
782,19,0,2.00000067707151e-05,0.000129999971250072,294.328088717991,14.7157897949219,42.5225067138672,7.02019958496094,13-Dec-2024 14:50:50
782,19,0,2.00000067707151e-05,0.000129999971250072,294.328088717991,14.7157897949219,42.5225067138672,7.02019958496094,13-Dec-2024 14:50:50
782,19,0,1.00000033853576e-05,0.000129999971250072,294.328088717991,14.7158203125,42.5225067138672,7.02019958496094,13-Dec-2024 14:50:51
782,19,0,1.00000033853576e-05,0.000129999971250072,294.320459323459,14.7158203125,42.5225067138672,7.02019958496094,13-Dec-2024 14:50:51
782,19,0,1.00000033853576e-05,0.000129999971250072,294.320459323459,14.7158203125,42.5225067138672,7.02019958496094,13-Dec-2024 14:50:51
782,19,0,2.00000067707151e-05,0.000129999971250072,294.335718112522,14.7158203125,42.5301399230957,7.02019958496094,13-Dec-2024 14:50:51
782,19,0,2.00000067707151e-05,0.000129999971250072,294.328088717991,14.7158203125,42.5225067138672,7.02019958496094,13-Dec-2024 14:50:51
782,19,0,2.00000067707151e-05,0.000129999971250072,294.328088717991,14.7158203125,42.5225067138672,7.02019958496094,13-Dec-2024 14:50:51
782,19,0,2.00000067707151e-05,0.000129999971250072,294.328088717991,14.7158298492432,42.5225067138672,7.02054290771484,13-Dec-2024 14:50:51
782,19,0,2.00000067707151e-05,0.000129999971250072,294.320459323459,14.7158298492432,42.5301399230957,7.02054290771484,13-Dec-2024 14:50:52
782,19,0,2.00000067707151e-05,0.000129999971250072,294.320459323459,14.7158298492432,42.5301399230957,7.02054290771484,13-Dec-2024 14:50:52
782,19,0,2.00000067707151e-05,0.000129999971250072,294.320459323459,14.7158098220825,42.5301399230957,7.02054290771484,13-Dec-2024 14:50:52
782,20,0,1.00000033853576e-05,0.00012000001152046,294.328088717991,14.7157201766968,42.5225067138672,6.01975708007812,13-Dec-2024 14:51:16
782,20,0,1.00000033853576e-05,0.000129999971250072,294.328088717991,14.7156801223755,42.5225067138672,6.01975708007812,13-Dec-2024 14:51:17
782,20,0,1.00000033853576e-05,0.000129999971250072,294.328088717991,14.7156801223755,42.5225067138672,6.01975708007812,13-Dec-2024 14:51:17
782,20,0,1.00000033853576e-05,0.000129999971250072,294.328088717991,14.7156801223755,42.5225067138672,6.01975708007812,13-Dec-2024 14:51:17
782,20,0,1.00000033853576e-05,0.000129999971250072,294.320459323459,14.7156801223755,42.5225067138672,6.01975708007812,13-Dec-2024 14:51:17
782,20,0,1.00000033853576e-05,0.000129999971250072,294.328088717991,14.7156801223755,42.5225067138672,6.01975708007812,13-Dec-2024 14:51:17
782,20,0,1.00000033853576e-05,0.000129999971250072,294.328088717991,14.7156801223755,42.5301399230957,6.01975708007812,13-Dec-2024 14:51:17
782,20,0,1.00000033853576e-05,0.000129999971250072,294.328088717991,14.7156801223755,42.5225067138672,6.01975708007812,13-Dec-2024 14:51:18
782,20,0,2.00000067707151e-05,0.000129999971250072,294.328088717991,14.7156801223755,42.5301399230957,6.01975708007812,13-Dec-2024 14:51:18
782,20,0,2.00000067707151e-05,0.000129999971250072,294.328088717991,14.7156801223755,42.5225067138672,6.01975708007812,13-Dec-2024 14:51:18
782,20,0,2.00000067707151e-05,0.000129999971250072,294.320459323459,14.7156600952148,42.5225067138672,6.01975708007812,13-Dec-2024 14:51:18
782,20,0,2.00000067707151e-05,0.000129999971250072,294.328088717991,14.7156600952148,42.5225067138672,6.01975708007812,13-Dec-2024 14:51:18
782,20,0,2.00000067707151e-05,0.000129999971250072,294.328088717991,14.7156600952148,42.5301399230957,6.02010040283203,13-Dec-2024 14:51:18
782,20,0,2.00000067707151e-05,0.000129999971250072,294.328088717991,14.7157297134399,42.5225067138672,6.02010040283203,13-Dec-2024 14:51:19
782,20,0,1.00000033853576e-05,0.000129999971250072,294.320459323459,14.7157297134399,42.5225067138672,6.01975708007812,13-Dec-2024 14:51:19
782,20,0,1.00000033853576e-05,0.000129999971250072,294.320459323459,14.7157297134399,42.5301399230957,6.01975708007812,13-Dec-2024 14:51:19
782,20,0,1.00000033853576e-05,0.000129999971250072,294.320459323459,14.7157096862793,42.5301399230957,6.02010040283203,13-Dec-2024 14:51:19
782,20,0,1.00000033853576e-05,0.000129999971250072,294.320459323459,14.7157096862793,42.5301399230957,6.02010040283203,13-Dec-2024 14:51:19
782,20,0,1.00000033853576e-05,0.000129999971250072,294.328088717991,14.7157096862793,42.5301399230957,6.02010040283203,13-Dec-2024 14:51:19
782,20,0,1.00000033853576e-05,0.000129999971250072,294.328088717991,14.7157096862793,42.5225067138672,6.02010040283203,13-Dec-2024 14:51:20
782,20,0,1.00000033853576e-05,0.000129999971250072,294.320459323459,14.7157096862793,42.5225067138672,6.02010040283203,13-Dec-2024 14:51:20
782,20,0,1.00000033853576e-05,0.000129999971250072,294.328088717991,14.7157096862793,42.5301399230957,6.02010040283203,13-Dec-2024 14:51:20
782,20,0,1.00000033853576e-05,0.000129999971250072,294.328088717991,14.7157297134399,42.5301399230957,6.02010040283203,13-Dec-2024 14:51:20
782,20,0,2.00000067707151e-05,0.000139999989187345,294.320459323459,14.7157297134399,42.5301399230957,6.02010040283203,13-Dec-2024 14:51:20
782,20,0,2.00000067707151e-05,0.000139999989187345,294.320459323459,14.7157297134399,42.5301399230957,6.02010040283203,13-Dec-2024 14:51:20
782,20,0,2.00000067707151e-05,0.000139999989187345,294.282303873698,14.7157297134399,42.5301399230957,6.02010040283203,13-Dec-2024 14:51:20
782,20,0,1.00000033853576e-05,0.00012000001152046,294.267045084635,14.7157297134399,42.5225067138672,6.02010040283203,13-Dec-2024 14:51:21
782,20,0,1.00000033853576e-05,0.00012000001152046,294.267045084635,14.7157297134399,42.5225067138672,6.02010040283203,13-Dec-2024 14:51:21
782,20,0,1.00000033853576e-05,0.00012000001152046,294.267045084635,14.7157297134399,42.5301399230957,6.02010040283203,13-Dec-2024 14:51:21
782,20,0,1.00000033853576e-05,0.00012000001152046,294.267045084635,14.7156896591187,42.5301399230957,6.02010040283203,13-Dec-2024 14:51:21
782,20,0,1.00000033853576e-05,0.00012000001152046,294.267045084635,14.7156896591187,42.5301399230957,6.02010040283203,13-Dec-2024 14:51:21
